[{"model": "cms.usersettings", "pk": 1, "fields": {"user": 1, "language": "en", "clipboard": 1}}, {"model": "cms.treenode", "pk": 12, "fields": {"path": "000A", "depth": 1, "numchild": 0, "parent": null, "site": 1}}, {"model": "cms.treenode", "pk": 13, "fields": {"path": "000B", "depth": 1, "numchild": 0, "parent": null, "site": 1}}, {"model": "cms.treenode", "pk": 14, "fields": {"path": "000C", "depth": 1, "numchild": 0, "parent": null, "site": 1}}, {"model": "cms.treenode", "pk": 15, "fields": {"path": "000D", "depth": 1, "numchild": 0, "parent": null, "site": 1}}, {"model": "cms.treenode", "pk": 16, "fields": {"path": "000E", "depth": 1, "numchild": 0, "parent": null, "site": 1}}, {"model": "cms.treenode", "pk": 17, "fields": {"path": "000F", "depth": 1, "numchild": 0, "parent": null, "site": 1}}, {"model": "cms.treenode", "pk": 18, "fields": {"path": "000G", "depth": 1, "numchild": 0, "parent": null, "site": 1}}, {"model": "cms.treenode", "pk": 19, "fields": {"path": "000H", "depth": 1, "numchild": 0, "parent": null, "site": 1}}, {"model": "cms.treenode", "pk": 20, "fields": {"path": "000I", "depth": 1, "numchild": 0, "parent": null, "site": 1}}, {"model": "cms.page", "pk": 13, "fields": {"created_by": "1", "changed_by": "1", "creation_date": "2022-09-19T12:52:17.673Z", "changed_date": "2022-09-19T16:57:39.090Z", "publication_date": null, "publication_end_date": null, "in_navigation": true, "soft_root": false, "reverse_id": null, "navigation_extenders": null, "template": "base.html", "login_required": false, "limit_visibility_in_menu": null, "is_home": false, "application_urls": "", "application_namespace": null, "publisher_is_draft": true, "publisher_public": null, "languages": "en", "xframe_options": 0, "is_page_type": false, "node": 12, "placeholders": [32, 33, 34]}}, {"model": "cms.page", "pk": 14, "fields": {"created_by": "1", "changed_by": "1", "creation_date": "2022-09-19T13:36:30.430Z", "changed_date": "2022-09-19T16:27:33.787Z", "publication_date": null, "publication_end_date": null, "in_navigation": true, "soft_root": false, "reverse_id": null, "navigation_extenders": null, "template": "base.html", "login_required": false, "limit_visibility_in_menu": null, "is_home": false, "application_urls": "", "application_namespace": null, "publisher_is_draft": true, "publisher_public": null, "languages": "en", "xframe_options": 0, "is_page_type": false, "node": 13, "placeholders": [35, 36, 37]}}, {"model": "cms.page", "pk": 15, "fields": {"created_by": "1", "changed_by": "1", "creation_date": "2022-09-19T13:50:22.536Z", "changed_date": "2022-09-19T16:27:42.706Z", "publication_date": null, "publication_end_date": null, "in_navigation": true, "soft_root": false, "reverse_id": null, "navigation_extenders": null, "template": "base.html", "login_required": false, "limit_visibility_in_menu": null, "is_home": false, "application_urls": "", "application_namespace": null, "publisher_is_draft": true, "publisher_public": null, "languages": "en", "xframe_options": 0, "is_page_type": false, "node": 14, "placeholders": [38, 39, 40]}}, {"model": "cms.page", "pk": 16, "fields": {"created_by": "1", "changed_by": "1", "creation_date": "2022-09-19T14:00:20.401Z", "changed_date": "2022-09-19T16:59:46.599Z", "publication_date": null, "publication_end_date": null, "in_navigation": true, "soft_root": false, "reverse_id": null, "navigation_extenders": null, "template": "base.html", "login_required": false, "limit_visibility_in_menu": null, "is_home": false, "application_urls": "", "application_namespace": null, "publisher_is_draft": true, "publisher_public": null, "languages": "en", "xframe_options": 0, "is_page_type": false, "node": 15, "placeholders": [41, 42, 43]}}, {"model": "cms.page", "pk": 17, "fields": {"created_by": "1", "changed_by": "1", "creation_date": "2022-09-19T14:07:58.087Z", "changed_date": "2022-09-19T16:28:05.491Z", "publication_date": null, "publication_end_date": null, "in_navigation": true, "soft_root": false, "reverse_id": null, "navigation_extenders": null, "template": "base.html", "login_required": false, "limit_visibility_in_menu": null, "is_home": false, "application_urls": "", "application_namespace": null, "publisher_is_draft": true, "publisher_public": null, "languages": "en", "xframe_options": 0, "is_page_type": false, "node": 16, "placeholders": [44, 45, 46]}}, {"model": "cms.page", "pk": 18, "fields": {"created_by": "1", "changed_by": "1", "creation_date": "2022-09-19T14:58:51.970Z", "changed_date": "2022-09-19T16:28:14.197Z", "publication_date": null, "publication_end_date": null, "in_navigation": true, "soft_root": false, "reverse_id": null, "navigation_extenders": null, "template": "base.html", "login_required": false, "limit_visibility_in_menu": null, "is_home": false, "application_urls": "", "application_namespace": null, "publisher_is_draft": true, "publisher_public": null, "languages": "en", "xframe_options": 0, "is_page_type": false, "node": 17, "placeholders": [47, 48, 49]}}, {"model": "cms.page", "pk": 19, "fields": {"created_by": "1", "changed_by": "1", "creation_date": "2022-09-19T15:02:17.642Z", "changed_date": "2022-09-19T16:28:24.754Z", "publication_date": null, "publication_end_date": null, "in_navigation": true, "soft_root": false, "reverse_id": null, "navigation_extenders": null, "template": "base.html", "login_required": false, "limit_visibility_in_menu": null, "is_home": false, "application_urls": "", "application_namespace": null, "publisher_is_draft": true, "publisher_public": null, "languages": "en", "xframe_options": 0, "is_page_type": false, "node": 18, "placeholders": [50, 51, 52]}}, {"model": "cms.page", "pk": 20, "fields": {"created_by": "1", "changed_by": "1", "creation_date": "2022-09-19T15:03:48.202Z", "changed_date": "2022-09-19T16:28:32.969Z", "publication_date": null, "publication_end_date": null, "in_navigation": true, "soft_root": false, "reverse_id": null, "navigation_extenders": null, "template": "base.html", "login_required": false, "limit_visibility_in_menu": null, "is_home": false, "application_urls": "", "application_namespace": null, "publisher_is_draft": true, "publisher_public": null, "languages": "en", "xframe_options": 0, "is_page_type": false, "node": 19, "placeholders": [53, 54, 55]}}, {"model": "cms.page", "pk": 21, "fields": {"created_by": "1", "changed_by": "1", "creation_date": "2022-09-19T16:25:21.853Z", "changed_date": "2022-09-19T16:29:24.524Z", "publication_date": null, "publication_end_date": null, "in_navigation": true, "soft_root": false, "reverse_id": null, "navigation_extenders": null, "template": "base.html", "login_required": false, "limit_visibility_in_menu": null, "is_home": false, "application_urls": "", "application_namespace": null, "publisher_is_draft": true, "publisher_public": null, "languages": "en", "xframe_options": 0, "is_page_type": false, "node": 20, "placeholders": [57, 58, 60]}}, {"model": "cms.placeholder", "pk": 1, "fields": {"slot": "clipboard", "default_width": null}}, {"model": "cms.placeholder", "pk": 32, "fields": {"slot": "feature", "default_width": null}}, {"model": "cms.placeholder", "pk": 33, "fields": {"slot": "content", "default_width": null}}, {"model": "cms.placeholder", "pk": 34, "fields": {"slot": "USP", "default_width": null}}, {"model": "cms.placeholder", "pk": 35, "fields": {"slot": "feature", "default_width": null}}, {"model": "cms.placeholder", "pk": 36, "fields": {"slot": "content", "default_width": null}}, {"model": "cms.placeholder", "pk": 37, "fields": {"slot": "USP", "default_width": null}}, {"model": "cms.placeholder", "pk": 38, "fields": {"slot": "feature", "default_width": null}}, {"model": "cms.placeholder", "pk": 39, "fields": {"slot": "content", "default_width": null}}, {"model": "cms.placeholder", "pk": 40, "fields": {"slot": "USP", "default_width": null}}, {"model": "cms.placeholder", "pk": 41, "fields": {"slot": "feature", "default_width": null}}, {"model": "cms.placeholder", "pk": 42, "fields": {"slot": "content", "default_width": null}}, {"model": "cms.placeholder", "pk": 43, "fields": {"slot": "USP", "default_width": null}}, {"model": "cms.placeholder", "pk": 44, "fields": {"slot": "feature", "default_width": null}}, {"model": "cms.placeholder", "pk": 45, "fields": {"slot": "content", "default_width": null}}, {"model": "cms.placeholder", "pk": 46, "fields": {"slot": "USP", "default_width": null}}, {"model": "cms.placeholder", "pk": 47, "fields": {"slot": "feature", "default_width": null}}, {"model": "cms.placeholder", "pk": 48, "fields": {"slot": "content", "default_width": null}}, {"model": "cms.placeholder", "pk": 49, "fields": {"slot": "USP", "default_width": null}}, {"model": "cms.placeholder", "pk": 50, "fields": {"slot": "feature", "default_width": null}}, {"model": "cms.placeholder", "pk": 51, "fields": {"slot": "content", "default_width": null}}, {"model": "cms.placeholder", "pk": 52, "fields": {"slot": "USP", "default_width": null}}, {"model": "cms.placeholder", "pk": 53, "fields": {"slot": "feature", "default_width": null}}, {"model": "cms.placeholder", "pk": 54, "fields": {"slot": "content", "default_width": null}}, {"model": "cms.placeholder", "pk": 55, "fields": {"slot": "USP", "default_width": null}}, {"model": "cms.placeholder", "pk": 57, "fields": {"slot": "feature", "default_width": null}}, {"model": "cms.placeholder", "pk": 58, "fields": {"slot": "content", "default_width": null}}, {"model": "cms.placeholder", "pk": 60, "fields": {"slot": "USP", "default_width": null}}, {"model": "cms.cmsplugin", "pk": 14, "fields": {"path": "0007", "depth": 1, "numchild": 1, "placeholder": 34, "parent": null, "position": 0, "language": "en", "plugin_type": "TextPlugin", "creation_date": "2022-09-19T13:00:03.992Z", "changed_date": "2022-09-19T13:01:06.233Z"}}, {"model": "cms.cmsplugin", "pk": 15, "fields": {"path": "00070001", "depth": 2, "numchild": 0, "placeholder": 34, "parent": 14, "position": 0, "language": "en", "plugin_type": "PicturePlugin", "creation_date": "2022-09-19T13:00:55.800Z", "changed_date": "2022-09-19T13:00:55.809Z"}}, {"model": "cms.cmsplugin", "pk": 16, "fields": {"path": "0008", "depth": 1, "numchild": 0, "placeholder": 34, "parent": null, "position": 1, "language": "en", "plugin_type": "TextPlugin", "creation_date": "2022-09-19T13:01:46.283Z", "changed_date": "2022-09-19T13:01:46.287Z"}}, {"model": "cms.cmsplugin", "pk": 17, "fields": {"path": "0009", "depth": 1, "numchild": 3, "placeholder": 34, "parent": null, "position": 2, "language": "en", "plugin_type": "TextPlugin", "creation_date": "2022-09-19T13:04:03.469Z", "changed_date": "2022-09-19T18:41:22.385Z"}}, {"model": "cms.cmsplugin", "pk": 18, "fields": {"path": "00090001", "depth": 2, "numchild": 0, "placeholder": 34, "parent": 17, "position": 0, "language": "en", "plugin_type": "PicturePlugin", "creation_date": "2022-09-19T13:04:51.737Z", "changed_date": "2022-09-19T13:04:51.746Z"}}, {"model": "cms.cmsplugin", "pk": 19, "fields": {"path": "00090002", "depth": 2, "numchild": 0, "placeholder": 34, "parent": 17, "position": 1, "language": "en", "plugin_type": "PicturePlugin", "creation_date": "2022-09-19T13:05:06.558Z", "changed_date": "2022-09-19T13:05:06.571Z"}}, {"model": "cms.cmsplugin", "pk": 20, "fields": {"path": "00090003", "depth": 2, "numchild": 0, "placeholder": 34, "parent": 17, "position": 2, "language": "en", "plugin_type": "PicturePlugin", "creation_date": "2022-09-19T13:05:22.729Z", "changed_date": "2022-09-19T13:05:22.739Z"}}, {"model": "cms.cmsplugin", "pk": 21, "fields": {"path": "000A", "depth": 1, "numchild": 0, "placeholder": 34, "parent": null, "position": 3, "language": "en", "plugin_type": "TextPlugin", "creation_date": "2022-09-19T13:06:32.750Z", "changed_date": "2022-09-19T18:41:48.586Z"}}, {"model": "cms.cmsplugin", "pk": 22, "fields": {"path": "000B", "depth": 1, "numchild": 3, "placeholder": 34, "parent": null, "position": 4, "language": "en", "plugin_type": "TextPlugin", "creation_date": "2022-09-19T13:07:49.306Z", "changed_date": "2022-09-19T18:42:57.037Z"}}, {"model": "cms.cmsplugin", "pk": 23, "fields": {"path": "000B0001", "depth": 2, "numchild": 0, "placeholder": 34, "parent": 22, "position": 0, "language": "en", "plugin_type": "PicturePlugin", "creation_date": "2022-09-19T13:08:28.144Z", "changed_date": "2022-09-19T13:08:28.153Z"}}, {"model": "cms.cmsplugin", "pk": 24, "fields": {"path": "000B0002", "depth": 2, "numchild": 0, "placeholder": 34, "parent": 22, "position": 1, "language": "en", "plugin_type": "PicturePlugin", "creation_date": "2022-09-19T13:08:45.270Z", "changed_date": "2022-09-19T13:08:45.280Z"}}, {"model": "cms.cmsplugin", "pk": 25, "fields": {"path": "000B0003", "depth": 2, "numchild": 0, "placeholder": 34, "parent": 22, "position": 2, "language": "en", "plugin_type": "PicturePlugin", "creation_date": "2022-09-19T13:08:59.342Z", "changed_date": "2022-09-19T13:08:59.352Z"}}, {"model": "cms.cmsplugin", "pk": 26, "fields": {"path": "000C", "depth": 1, "numchild": 2, "placeholder": 34, "parent": null, "position": 5, "language": "en", "plugin_type": "TextPlugin", "creation_date": "2022-09-19T13:09:20.929Z", "changed_date": "2022-09-19T18:43:21.812Z"}}, {"model": "cms.cmsplugin", "pk": 27, "fields": {"path": "000C0001", "depth": 2, "numchild": 0, "placeholder": 34, "parent": 26, "position": 0, "language": "en", "plugin_type": "PicturePlugin", "creation_date": "2022-09-19T13:10:55.074Z", "changed_date": "2022-09-19T13:10:55.083Z"}}, {"model": "cms.cmsplugin", "pk": 28, "fields": {"path": "000C0002", "depth": 2, "numchild": 0, "placeholder": 34, "parent": 26, "position": 1, "language": "en", "plugin_type": "PicturePlugin", "creation_date": "2022-09-19T13:11:08.562Z", "changed_date": "2022-09-19T13:11:08.572Z"}}, {"model": "cms.cmsplugin", "pk": 29, "fields": {"path": "000D", "depth": 1, "numchild": 1, "placeholder": 34, "parent": null, "position": 6, "language": "en", "plugin_type": "TextPlugin", "creation_date": "2022-09-19T13:11:49.671Z", "changed_date": "2022-09-19T18:45:45.266Z"}}, {"model": "cms.cmsplugin", "pk": 30, "fields": {"path": "000D0001", "depth": 2, "numchild": 0, "placeholder": 34, "parent": 29, "position": 0, "language": "en", "plugin_type": "PicturePlugin", "creation_date": "2022-09-19T13:12:49.490Z", "changed_date": "2022-09-19T13:12:49.498Z"}}, {"model": "cms.cmsplugin", "pk": 31, "fields": {"path": "000E", "depth": 1, "numchild": 6, "placeholder": 34, "parent": null, "position": 7, "language": "en", "plugin_type": "TextPlugin", "creation_date": "2022-09-19T13:13:12.777Z", "changed_date": "2022-09-19T18:58:53.513Z"}}, {"model": "cms.cmsplugin", "pk": 32, "fields": {"path": "000E0001", "depth": 2, "numchild": 0, "placeholder": 34, "parent": 31, "position": 0, "language": "en", "plugin_type": "PicturePlugin", "creation_date": "2022-09-19T13:25:58.044Z", "changed_date": "2022-09-19T13:25:58.053Z"}}, {"model": "cms.cmsplugin", "pk": 33, "fields": {"path": "000E0002", "depth": 2, "numchild": 0, "placeholder": 34, "parent": 31, "position": 1, "language": "en", "plugin_type": "PicturePlugin", "creation_date": "2022-09-19T13:26:21.271Z", "changed_date": "2022-09-19T13:26:21.281Z"}}, {"model": "cms.cmsplugin", "pk": 34, "fields": {"path": "000E0003", "depth": 2, "numchild": 0, "placeholder": 34, "parent": 31, "position": 2, "language": "en", "plugin_type": "PicturePlugin", "creation_date": "2022-09-19T13:26:44.579Z", "changed_date": "2022-09-19T13:26:44.590Z"}}, {"model": "cms.cmsplugin", "pk": 35, "fields": {"path": "000E0004", "depth": 2, "numchild": 0, "placeholder": 34, "parent": 31, "position": 3, "language": "en", "plugin_type": "PicturePlugin", "creation_date": "2022-09-19T13:27:04.477Z", "changed_date": "2022-09-19T13:27:04.487Z"}}, {"model": "cms.cmsplugin", "pk": 36, "fields": {"path": "000E0005", "depth": 2, "numchild": 0, "placeholder": 34, "parent": 31, "position": 4, "language": "en", "plugin_type": "PicturePlugin", "creation_date": "2022-09-19T13:27:18.602Z", "changed_date": "2022-09-19T13:27:18.613Z"}}, {"model": "cms.cmsplugin", "pk": 37, "fields": {"path": "000E0006", "depth": 2, "numchild": 0, "placeholder": 34, "parent": 31, "position": 5, "language": "en", "plugin_type": "PicturePlugin", "creation_date": "2022-09-19T13:27:38.976Z", "changed_date": "2022-09-19T13:27:38.988Z"}}, {"model": "cms.cmsplugin", "pk": 38, "fields": {"path": "000F", "depth": 1, "numchild": 1, "placeholder": 34, "parent": null, "position": 8, "language": "en", "plugin_type": "TextPlugin", "creation_date": "2022-09-19T13:34:37.165Z", "changed_date": "2022-09-19T18:47:34.828Z"}}, {"model": "cms.cmsplugin", "pk": 39, "fields": {"path": "000F0001", "depth": 2, "numchild": 0, "placeholder": 34, "parent": 38, "position": 0, "language": "en", "plugin_type": "PicturePlugin", "creation_date": "2022-09-19T13:35:38.695Z", "changed_date": "2022-09-19T13:35:38.705Z"}}, {"model": "cms.cmsplugin", "pk": 40, "fields": {"path": "000G", "depth": 1, "numchild": 3, "placeholder": 37, "parent": null, "position": 0, "language": "en", "plugin_type": "TextPlugin", "creation_date": "2022-09-19T13:37:12.752Z", "changed_date": "2022-09-19T13:41:19.543Z"}}, {"model": "cms.cmsplugin", "pk": 41, "fields": {"path": "000G0001", "depth": 2, "numchild": 0, "placeholder": 37, "parent": 40, "position": 0, "language": "en", "plugin_type": "PicturePlugin", "creation_date": "2022-09-19T13:38:33.671Z", "changed_date": "2022-09-19T13:38:33.679Z"}}, {"model": "cms.cmsplugin", "pk": 42, "fields": {"path": "000G0002", "depth": 2, "numchild": 0, "placeholder": 37, "parent": 40, "position": 1, "language": "en", "plugin_type": "PicturePlugin", "creation_date": "2022-09-19T13:38:45.657Z", "changed_date": "2022-09-19T13:38:45.668Z"}}, {"model": "cms.cmsplugin", "pk": 43, "fields": {"path": "000G0003", "depth": 2, "numchild": 0, "placeholder": 37, "parent": 40, "position": 2, "language": "en", "plugin_type": "PicturePlugin", "creation_date": "2022-09-19T13:41:04.359Z", "changed_date": "2022-09-19T13:41:04.371Z"}}, {"model": "cms.cmsplugin", "pk": 44, "fields": {"path": "000H", "depth": 1, "numchild": 3, "placeholder": 37, "parent": null, "position": 1, "language": "en", "plugin_type": "TextPlugin", "creation_date": "2022-09-19T13:42:26.068Z", "changed_date": "2022-09-19T18:49:09.779Z"}}, {"model": "cms.cmsplugin", "pk": 46, "fields": {"path": "000H0002", "depth": 2, "numchild": 0, "placeholder": 37, "parent": 44, "position": 1, "language": "en", "plugin_type": "PicturePlugin", "creation_date": "2022-09-19T13:43:07.128Z", "changed_date": "2022-09-19T13:43:07.139Z"}}, {"model": "cms.cmsplugin", "pk": 47, "fields": {"path": "000H0003", "depth": 2, "numchild": 0, "placeholder": 37, "parent": 44, "position": 2, "language": "en", "plugin_type": "PicturePlugin", "creation_date": "2022-09-19T13:43:19.394Z", "changed_date": "2022-09-19T13:43:19.405Z"}}, {"model": "cms.cmsplugin", "pk": 48, "fields": {"path": "000H0004", "depth": 2, "numchild": 0, "placeholder": 37, "parent": 44, "position": 3, "language": "en", "plugin_type": "PicturePlugin", "creation_date": "2022-09-19T13:43:35.551Z", "changed_date": "2022-09-19T13:43:35.561Z"}}, {"model": "cms.cmsplugin", "pk": 49, "fields": {"path": "000I", "depth": 1, "numchild": 1, "placeholder": 37, "parent": null, "position": 2, "language": "en", "plugin_type": "TextPlugin", "creation_date": "2022-09-19T13:44:22.876Z", "changed_date": "2022-09-19T18:49:24.921Z"}}, {"model": "cms.cmsplugin", "pk": 50, "fields": {"path": "000I0001", "depth": 2, "numchild": 0, "placeholder": 37, "parent": 49, "position": 0, "language": "en", "plugin_type": "PicturePlugin", "creation_date": "2022-09-19T13:44:50.006Z", "changed_date": "2022-09-19T13:44:50.015Z"}}, {"model": "cms.cmsplugin", "pk": 51, "fields": {"path": "000J", "depth": 1, "numchild": 1, "placeholder": 37, "parent": null, "position": 3, "language": "en", "plugin_type": "TextPlugin", "creation_date": "2022-09-19T13:45:31.729Z", "changed_date": "2022-09-19T18:49:39.314Z"}}, {"model": "cms.cmsplugin", "pk": 52, "fields": {"path": "000J0001", "depth": 2, "numchild": 0, "placeholder": 37, "parent": 51, "position": 0, "language": "en", "plugin_type": "PicturePlugin", "creation_date": "2022-09-19T13:46:01.003Z", "changed_date": "2022-09-19T13:46:01.011Z"}}, {"model": "cms.cmsplugin", "pk": 53, "fields": {"path": "000K", "depth": 1, "numchild": 1, "placeholder": 37, "parent": null, "position": 4, "language": "en", "plugin_type": "TextPlugin", "creation_date": "2022-09-19T13:46:39.906Z", "changed_date": "2022-09-19T18:49:57.765Z"}}, {"model": "cms.cmsplugin", "pk": 54, "fields": {"path": "000K0001", "depth": 2, "numchild": 0, "placeholder": 37, "parent": 53, "position": 0, "language": "en", "plugin_type": "PicturePlugin", "creation_date": "2022-09-19T13:47:00.654Z", "changed_date": "2022-09-19T13:47:00.663Z"}}, {"model": "cms.cmsplugin", "pk": 55, "fields": {"path": "000L", "depth": 1, "numchild": 1, "placeholder": 37, "parent": null, "position": 5, "language": "en", "plugin_type": "TextPlugin", "creation_date": "2022-09-19T13:47:41.405Z", "changed_date": "2022-09-19T18:50:13.287Z"}}, {"model": "cms.cmsplugin", "pk": 56, "fields": {"path": "000L0001", "depth": 2, "numchild": 0, "placeholder": 37, "parent": 55, "position": 0, "language": "en", "plugin_type": "PicturePlugin", "creation_date": "2022-09-19T13:48:05.846Z", "changed_date": "2022-09-19T13:48:05.854Z"}}, {"model": "cms.cmsplugin", "pk": 57, "fields": {"path": "000M", "depth": 1, "numchild": 3, "placeholder": 37, "parent": null, "position": 6, "language": "en", "plugin_type": "TextPlugin", "creation_date": "2022-09-19T13:48:29.986Z", "changed_date": "2022-09-19T18:50:46.893Z"}}, {"model": "cms.cmsplugin", "pk": 58, "fields": {"path": "000M0001", "depth": 2, "numchild": 0, "placeholder": 37, "parent": 57, "position": 0, "language": "en", "plugin_type": "PicturePlugin", "creation_date": "2022-09-19T13:48:59.706Z", "changed_date": "2022-09-19T13:48:59.715Z"}}, {"model": "cms.cmsplugin", "pk": 59, "fields": {"path": "000M0002", "depth": 2, "numchild": 0, "placeholder": 37, "parent": 57, "position": 1, "language": "en", "plugin_type": "PicturePlugin", "creation_date": "2022-09-19T13:49:09.430Z", "changed_date": "2022-09-19T13:49:09.440Z"}}, {"model": "cms.cmsplugin", "pk": 60, "fields": {"path": "000M0003", "depth": 2, "numchild": 0, "placeholder": 37, "parent": 57, "position": 2, "language": "en", "plugin_type": "PicturePlugin", "creation_date": "2022-09-19T13:49:23.515Z", "changed_date": "2022-09-19T13:49:23.526Z"}}, {"model": "cms.cmsplugin", "pk": 61, "fields": {"path": "000N", "depth": 1, "numchild": 1, "placeholder": 40, "parent": null, "position": 0, "language": "en", "plugin_type": "TextPlugin", "creation_date": "2022-09-19T13:50:38.016Z", "changed_date": "2022-09-19T13:51:29.112Z"}}, {"model": "cms.cmsplugin", "pk": 62, "fields": {"path": "000N0001", "depth": 2, "numchild": 0, "placeholder": 40, "parent": 61, "position": 0, "language": "en", "plugin_type": "PicturePlugin", "creation_date": "2022-09-19T13:51:20.831Z", "changed_date": "2022-09-19T13:51:20.840Z"}}, {"model": "cms.cmsplugin", "pk": 63, "fields": {"path": "000O", "depth": 1, "numchild": 1, "placeholder": 40, "parent": null, "position": 1, "language": "en", "plugin_type": "TextPlugin", "creation_date": "2022-09-19T13:51:51.447Z", "changed_date": "2022-09-19T18:52:12.631Z"}}, {"model": "cms.cmsplugin", "pk": 64, "fields": {"path": "000O0001", "depth": 2, "numchild": 0, "placeholder": 40, "parent": 63, "position": 0, "language": "en", "plugin_type": "PicturePlugin", "creation_date": "2022-09-19T13:52:14.952Z", "changed_date": "2022-09-19T13:52:14.961Z"}}, {"model": "cms.cmsplugin", "pk": 65, "fields": {"path": "000P", "depth": 1, "numchild": 3, "placeholder": 40, "parent": null, "position": 2, "language": "en", "plugin_type": "TextPlugin", "creation_date": "2022-09-19T13:52:47.528Z", "changed_date": "2022-09-19T18:52:53.139Z"}}, {"model": "cms.cmsplugin", "pk": 66, "fields": {"path": "000P0001", "depth": 2, "numchild": 0, "placeholder": 40, "parent": 65, "position": 0, "language": "en", "plugin_type": "PicturePlugin", "creation_date": "2022-09-19T13:53:16.524Z", "changed_date": "2022-09-19T13:53:16.534Z"}}, {"model": "cms.cmsplugin", "pk": 67, "fields": {"path": "000P0002", "depth": 2, "numchild": 0, "placeholder": 40, "parent": 65, "position": 1, "language": "en", "plugin_type": "PicturePlugin", "creation_date": "2022-09-19T13:53:27.203Z", "changed_date": "2022-09-19T13:53:27.213Z"}}, {"model": "cms.cmsplugin", "pk": 68, "fields": {"path": "000P0003", "depth": 2, "numchild": 0, "placeholder": 40, "parent": 65, "position": 2, "language": "en", "plugin_type": "PicturePlugin", "creation_date": "2022-09-19T13:53:36.747Z", "changed_date": "2022-09-19T13:53:36.759Z"}}, {"model": "cms.cmsplugin", "pk": 69, "fields": {"path": "000Q", "depth": 1, "numchild": 1, "placeholder": 40, "parent": null, "position": 3, "language": "en", "plugin_type": "TextPlugin", "creation_date": "2022-09-19T13:54:23.137Z", "changed_date": "2022-09-19T18:53:10.191Z"}}, {"model": "cms.cmsplugin", "pk": 70, "fields": {"path": "000Q0001", "depth": 2, "numchild": 0, "placeholder": 40, "parent": 69, "position": 0, "language": "en", "plugin_type": "PicturePlugin", "creation_date": "2022-09-19T13:54:54.251Z", "changed_date": "2022-09-19T13:54:54.261Z"}}, {"model": "cms.cmsplugin", "pk": 71, "fields": {"path": "000R", "depth": 1, "numchild": 6, "placeholder": 40, "parent": null, "position": 4, "language": "en", "plugin_type": "TextPlugin", "creation_date": "2022-09-19T13:55:30.235Z", "changed_date": "2022-09-19T18:57:42.220Z"}}, {"model": "cms.cmsplugin", "pk": 72, "fields": {"path": "000R0001", "depth": 2, "numchild": 0, "placeholder": 40, "parent": 71, "position": 0, "language": "en", "plugin_type": "PicturePlugin", "creation_date": "2022-09-19T13:56:32.611Z", "changed_date": "2022-09-19T13:56:32.622Z"}}, {"model": "cms.cmsplugin", "pk": 73, "fields": {"path": "000R0002", "depth": 2, "numchild": 0, "placeholder": 40, "parent": 71, "position": 1, "language": "en", "plugin_type": "PicturePlugin", "creation_date": "2022-09-19T13:56:45.735Z", "changed_date": "2022-09-19T13:56:45.746Z"}}, {"model": "cms.cmsplugin", "pk": 74, "fields": {"path": "000R0003", "depth": 2, "numchild": 0, "placeholder": 40, "parent": 71, "position": 2, "language": "en", "plugin_type": "PicturePlugin", "creation_date": "2022-09-19T13:56:56.704Z", "changed_date": "2022-09-19T13:56:56.715Z"}}, {"model": "cms.cmsplugin", "pk": 75, "fields": {"path": "000R0004", "depth": 2, "numchild": 0, "placeholder": 40, "parent": 71, "position": 3, "language": "en", "plugin_type": "PicturePlugin", "creation_date": "2022-09-19T13:57:08.814Z", "changed_date": "2022-09-19T13:57:08.826Z"}}, {"model": "cms.cmsplugin", "pk": 76, "fields": {"path": "000R0005", "depth": 2, "numchild": 0, "placeholder": 40, "parent": 71, "position": 4, "language": "en", "plugin_type": "PicturePlugin", "creation_date": "2022-09-19T13:57:18.578Z", "changed_date": "2022-09-19T13:57:18.590Z"}}, {"model": "cms.cmsplugin", "pk": 77, "fields": {"path": "000R0006", "depth": 2, "numchild": 0, "placeholder": 40, "parent": 71, "position": 5, "language": "en", "plugin_type": "PicturePlugin", "creation_date": "2022-09-19T13:57:27.088Z", "changed_date": "2022-09-19T13:57:27.099Z"}}, {"model": "cms.cmsplugin", "pk": 78, "fields": {"path": "000S", "depth": 1, "numchild": 1, "placeholder": 43, "parent": null, "position": 0, "language": "en", "plugin_type": "TextPlugin", "creation_date": "2022-09-19T14:01:53.445Z", "changed_date": "2022-09-19T14:03:26.698Z"}}, {"model": "cms.cmsplugin", "pk": 79, "fields": {"path": "000S0001", "depth": 2, "numchild": 0, "placeholder": 43, "parent": 78, "position": 0, "language": "en", "plugin_type": "PicturePlugin", "creation_date": "2022-09-19T14:03:21.334Z", "changed_date": "2022-09-19T14:03:21.343Z"}}, {"model": "cms.cmsplugin", "pk": 80, "fields": {"path": "000T", "depth": 1, "numchild": 1, "placeholder": 43, "parent": null, "position": 1, "language": "en", "plugin_type": "TextPlugin", "creation_date": "2022-09-19T14:03:37.321Z", "changed_date": "2022-09-19T19:00:47.875Z"}}, {"model": "cms.cmsplugin", "pk": 81, "fields": {"path": "000T0001", "depth": 2, "numchild": 0, "placeholder": 43, "parent": 80, "position": 0, "language": "en", "plugin_type": "PicturePlugin", "creation_date": "2022-09-19T14:04:21.468Z", "changed_date": "2022-09-19T14:04:21.476Z"}}, {"model": "cms.cmsplugin", "pk": 82, "fields": {"path": "000U", "depth": 1, "numchild": 1, "placeholder": 43, "parent": null, "position": 2, "language": "en", "plugin_type": "TextPlugin", "creation_date": "2022-09-19T14:04:52.742Z", "changed_date": "2022-09-19T19:01:01.430Z"}}, {"model": "cms.cmsplugin", "pk": 83, "fields": {"path": "000U0001", "depth": 2, "numchild": 0, "placeholder": 43, "parent": 82, "position": 0, "language": "en", "plugin_type": "PicturePlugin", "creation_date": "2022-09-19T14:05:29.977Z", "changed_date": "2022-09-19T14:05:29.985Z"}}, {"model": "cms.cmsplugin", "pk": 84, "fields": {"path": "000V", "depth": 1, "numchild": 3, "placeholder": 43, "parent": null, "position": 3, "language": "en", "plugin_type": "TextPlugin", "creation_date": "2022-09-19T14:06:08.625Z", "changed_date": "2022-09-19T19:01:24.895Z"}}, {"model": "cms.cmsplugin", "pk": 85, "fields": {"path": "000V0001", "depth": 2, "numchild": 0, "placeholder": 43, "parent": 84, "position": 0, "language": "en", "plugin_type": "PicturePlugin", "creation_date": "2022-09-19T14:06:27.524Z", "changed_date": "2022-09-19T14:06:27.533Z"}}, {"model": "cms.cmsplugin", "pk": 86, "fields": {"path": "000V0002", "depth": 2, "numchild": 0, "placeholder": 43, "parent": 84, "position": 1, "language": "en", "plugin_type": "PicturePlugin", "creation_date": "2022-09-19T14:06:38.278Z", "changed_date": "2022-09-19T14:06:38.289Z"}}, {"model": "cms.cmsplugin", "pk": 87, "fields": {"path": "000V0003", "depth": 2, "numchild": 0, "placeholder": 43, "parent": 84, "position": 2, "language": "en", "plugin_type": "PicturePlugin", "creation_date": "2022-09-19T14:06:55.658Z", "changed_date": "2022-09-19T14:06:55.687Z"}}, {"model": "cms.cmsplugin", "pk": 88, "fields": {"path": "000W", "depth": 1, "numchild": 0, "placeholder": 43, "parent": null, "position": 4, "language": "en", "plugin_type": "TextPlugin", "creation_date": "2022-09-19T14:07:33.312Z", "changed_date": "2022-09-19T14:07:39.793Z"}}, {"model": "cms.cmsplugin", "pk": 89, "fields": {"path": "000X", "depth": 1, "numchild": 1, "placeholder": 46, "parent": null, "position": 0, "language": "en", "plugin_type": "TextPlugin", "creation_date": "2022-09-19T14:12:02.956Z", "changed_date": "2022-09-19T14:13:06.442Z"}}, {"model": "cms.cmsplugin", "pk": 90, "fields": {"path": "000X0001", "depth": 2, "numchild": 0, "placeholder": 46, "parent": 89, "position": 0, "language": "en", "plugin_type": "PicturePlugin", "creation_date": "2022-09-19T14:13:02.329Z", "changed_date": "2022-09-19T14:13:02.338Z"}}, {"model": "cms.cmsplugin", "pk": 91, "fields": {"path": "000Y", "depth": 1, "numchild": 0, "placeholder": 46, "parent": null, "position": 1, "language": "en", "plugin_type": "TextPlugin", "creation_date": "2022-09-19T14:13:17.619Z", "changed_date": "2022-09-19T14:13:28.076Z"}}, {"model": "cms.cmsplugin", "pk": 92, "fields": {"path": "000Z", "depth": 1, "numchild": 0, "placeholder": 49, "parent": null, "position": 0, "language": "en", "plugin_type": "TextPlugin", "creation_date": "2022-09-19T14:59:35.518Z", "changed_date": "2022-09-19T14:59:40.384Z"}}, {"model": "cms.cmsplugin", "pk": 93, "fields": {"path": "0010", "depth": 1, "numchild": 0, "placeholder": 49, "parent": null, "position": 1, "language": "en", "plugin_type": "TextPlugin", "creation_date": "2022-09-19T15:00:02.100Z", "changed_date": "2022-09-19T15:00:09.452Z"}}, {"model": "cms.cmsplugin", "pk": 94, "fields": {"path": "0011", "depth": 1, "numchild": 0, "placeholder": 49, "parent": null, "position": 2, "language": "en", "plugin_type": "TextPlugin", "creation_date": "2022-09-19T15:00:23.215Z", "changed_date": "2022-09-19T19:02:47.695Z"}}, {"model": "cms.cmsplugin", "pk": 95, "fields": {"path": "0012", "depth": 1, "numchild": 0, "placeholder": 52, "parent": null, "position": 0, "language": "en", "plugin_type": "TextPlugin", "creation_date": "2022-09-19T15:02:35.390Z", "changed_date": "2022-09-19T15:02:53.689Z"}}, {"model": "cms.cmsplugin", "pk": 96, "fields": {"path": "0013", "depth": 1, "numchild": 0, "placeholder": 52, "parent": null, "position": 1, "language": "en", "plugin_type": "TextPlugin", "creation_date": "2022-09-19T15:03:07.134Z", "changed_date": "2022-09-19T16:59:04.290Z"}}, {"model": "cms.cmsplugin", "pk": 97, "fields": {"path": "0014", "depth": 1, "numchild": 0, "placeholder": 52, "parent": null, "position": 2, "language": "en", "plugin_type": "TextPlugin", "creation_date": "2022-09-19T15:03:25.905Z", "changed_date": "2022-09-19T19:03:00.513Z"}}, {"model": "cms.cmsplugin", "pk": 98, "fields": {"path": "0015", "depth": 1, "numchild": 0, "placeholder": 55, "parent": null, "position": 0, "language": "en", "plugin_type": "TextPlugin", "creation_date": "2022-09-19T15:04:28.311Z", "changed_date": "2022-09-19T15:04:38.854Z"}}, {"model": "cms.cmsplugin", "pk": 99, "fields": {"path": "0016", "depth": 1, "numchild": 6, "placeholder": 55, "parent": null, "position": 1, "language": "en", "plugin_type": "TextPlugin", "creation_date": "2022-09-19T15:05:36.820Z", "changed_date": "2022-09-19T19:03:46.095Z"}}, {"model": "cms.cmsplugin", "pk": 104, "fields": {"path": "00160002", "depth": 2, "numchild": 0, "placeholder": 55, "parent": 99, "position": 1, "language": "en", "plugin_type": "PicturePlugin", "creation_date": "2022-09-19T15:30:59.167Z", "changed_date": "2022-09-19T15:30:59.178Z"}}, {"model": "cms.cmsplugin", "pk": 105, "fields": {"path": "00160003", "depth": 2, "numchild": 0, "placeholder": 55, "parent": 99, "position": 2, "language": "en", "plugin_type": "PicturePlugin", "creation_date": "2022-09-19T16:16:54.727Z", "changed_date": "2022-09-19T16:16:54.738Z"}}, {"model": "cms.cmsplugin", "pk": 106, "fields": {"path": "00160004", "depth": 2, "numchild": 0, "placeholder": 55, "parent": 99, "position": 3, "language": "en", "plugin_type": "PicturePlugin", "creation_date": "2022-09-19T16:22:31.671Z", "changed_date": "2022-09-19T16:22:31.684Z"}}, {"model": "cms.cmsplugin", "pk": 107, "fields": {"path": "00160005", "depth": 2, "numchild": 0, "placeholder": 55, "parent": 99, "position": 3, "language": "en", "plugin_type": "PicturePlugin", "creation_date": "2022-09-19T16:23:05.453Z", "changed_date": "2022-09-19T16:23:05.465Z"}}, {"model": "cms.cmsplugin", "pk": 108, "fields": {"path": "00160006", "depth": 2, "numchild": 0, "placeholder": 55, "parent": 99, "position": 4, "language": "en", "plugin_type": "PicturePlugin", "creation_date": "2022-09-19T16:23:19.422Z", "changed_date": "2022-09-19T16:23:19.433Z"}}, {"model": "cms.cmsplugin", "pk": 109, "fields": {"path": "00160007", "depth": 2, "numchild": 0, "placeholder": 55, "parent": 99, "position": 5, "language": "en", "plugin_type": "PicturePlugin", "creation_date": "2022-09-19T16:23:31.221Z", "changed_date": "2022-09-19T16:23:31.232Z"}}, {"model": "cms.cmsplugin", "pk": 110, "fields": {"path": "0017", "depth": 1, "numchild": 0, "placeholder": 60, "parent": null, "position": 0, "language": "en", "plugin_type": "TextPlugin", "creation_date": "2022-09-19T17:00:22.927Z", "changed_date": "2022-09-19T17:00:29.446Z"}}, {"model": "cms.cmsplugin", "pk": 111, "fields": {"path": "0018", "depth": 1, "numchild": 0, "placeholder": 60, "parent": null, "position": 1, "language": "en", "plugin_type": "TextPlugin", "creation_date": "2022-09-19T17:00:52.021Z", "changed_date": "2022-09-19T17:00:58.599Z"}}, {"model": "cms.cmsplugin", "pk": 112, "fields": {"path": "0019", "depth": 1, "numchild": 1, "placeholder": 60, "parent": null, "position": 2, "language": "en", "plugin_type": "TextPlugin", "creation_date": "2022-09-19T17:01:09.838Z", "changed_date": "2022-09-19T17:02:15.360Z"}}, {"model": "cms.cmsplugin", "pk": 113, "fields": {"path": "00190001", "depth": 2, "numchild": 0, "placeholder": 60, "parent": 112, "position": 0, "language": "en", "plugin_type": "PicturePlugin", "creation_date": "2022-09-19T17:02:07.791Z", "changed_date": "2022-09-19T17:02:07.809Z"}}, {"model": "cms.cmsplugin", "pk": 114, "fields": {"path": "001A", "depth": 1, "numchild": 1, "placeholder": 60, "parent": null, "position": 3, "language": "en", "plugin_type": "TextPlugin", "creation_date": "2022-09-19T17:03:22.111Z", "changed_date": "2022-09-19T17:04:09.903Z"}}, {"model": "cms.cmsplugin", "pk": 115, "fields": {"path": "001A0001", "depth": 2, "numchild": 0, "placeholder": 60, "parent": 114, "position": 0, "language": "en", "plugin_type": "PicturePlugin", "creation_date": "2022-09-19T17:03:57.157Z", "changed_date": "2022-09-19T17:03:57.172Z"}}, {"model": "cms.cmsplugin", "pk": 116, "fields": {"path": "001B", "depth": 1, "numchild": 3, "placeholder": 60, "parent": null, "position": 4, "language": "en", "plugin_type": "TextPlugin", "creation_date": "2022-09-19T17:04:26.466Z", "changed_date": "2022-09-19T17:07:40.644Z"}}, {"model": "cms.cmsplugin", "pk": 117, "fields": {"path": "001B0001", "depth": 2, "numchild": 0, "placeholder": 60, "parent": 116, "position": 0, "language": "en", "plugin_type": "PicturePlugin", "creation_date": "2022-09-19T17:06:32.773Z", "changed_date": "2022-09-19T17:06:32.782Z"}}, {"model": "cms.cmsplugin", "pk": 118, "fields": {"path": "001B0002", "depth": 2, "numchild": 0, "placeholder": 60, "parent": 116, "position": 1, "language": "en", "plugin_type": "PicturePlugin", "creation_date": "2022-09-19T17:06:53.536Z", "changed_date": "2022-09-19T17:06:53.547Z"}}, {"model": "cms.cmsplugin", "pk": 119, "fields": {"path": "001B0003", "depth": 2, "numchild": 0, "placeholder": 60, "parent": 116, "position": 2, "language": "en", "plugin_type": "PicturePlugin", "creation_date": "2022-09-19T17:07:11.838Z", "changed_date": "2022-09-19T17:07:11.850Z"}}, {"model": "cms.title", "pk": 13, "fields": {"language": "en", "title": "homepage", "page_title": "", "menu_title": "", "meta_description": "", "slug": "homepage", "path": "homepage", "has_url_overwrite": false, "redirect": null, "page": 13, "creation_date": "2022-09-19T12:52:17.675Z", "published": false, "publisher_is_draft": true, "publisher_public": null, "publisher_state": 1}}, {"model": "cms.title", "pk": 14, "fields": {"language": "en", "title": "mobile", "page_title": "", "menu_title": "", "meta_description": "", "slug": "mobile", "path": "mobile", "has_url_overwrite": false, "redirect": null, "page": 14, "creation_date": "2022-09-19T13:36:30.432Z", "published": false, "publisher_is_draft": true, "publisher_public": null, "publisher_state": 1}}, {"model": "cms.title", "pk": 15, "fields": {"language": "en", "title": "product", "page_title": "", "menu_title": "", "meta_description": "", "slug": "product", "path": "product", "has_url_overwrite": false, "redirect": null, "page": 15, "creation_date": "2022-09-19T13:50:22.539Z", "published": false, "publisher_is_draft": true, "publisher_public": null, "publisher_state": 1}}, {"model": "cms.title", "pk": 16, "fields": {"language": "en", "title": "about", "page_title": "", "menu_title": "", "meta_description": "", "slug": "about", "path": "about", "has_url_overwrite": false, "redirect": null, "page": 16, "creation_date": "2022-09-19T14:00:20.408Z", "published": false, "publisher_is_draft": true, "publisher_public": null, "publisher_state": 1}}, {"model": "cms.title", "pk": 17, "fields": {"language": "en", "title": "pricing", "page_title": "", "menu_title": "", "meta_description": "", "slug": "pricing", "path": "pricing", "has_url_overwrite": false, "redirect": null, "page": 17, "creation_date": "2022-09-19T14:07:58.089Z", "published": false, "publisher_is_draft": true, "publisher_public": null, "publisher_state": 1}}, {"model": "cms.title", "pk": 18, "fields": {"language": "en", "title": "faq", "page_title": "", "menu_title": "", "meta_description": "", "slug": "faq", "path": "faq", "has_url_overwrite": false, "redirect": null, "page": 18, "creation_date": "2022-09-19T14:58:51.973Z", "published": false, "publisher_is_draft": true, "publisher_public": null, "publisher_state": 1}}, {"model": "cms.title", "pk": 19, "fields": {"language": "en", "title": "warranty", "page_title": "", "menu_title": "", "meta_description": "", "slug": "warranty", "path": "warranty", "has_url_overwrite": false, "redirect": null, "page": 19, "creation_date": "2022-09-19T15:02:17.644Z", "published": false, "publisher_is_draft": true, "publisher_public": null, "publisher_state": 1}}, {"model": "cms.title", "pk": 20, "fields": {"language": "en", "title": "blog", "page_title": "", "menu_title": "", "meta_description": "", "slug": "blog", "path": "blog", "has_url_overwrite": false, "redirect": null, "page": 20, "creation_date": "2022-09-19T15:03:48.206Z", "published": false, "publisher_is_draft": true, "publisher_public": null, "publisher_state": 1}}, {"model": "cms.title", "pk": 21, "fields": {"language": "en", "title": "article", "page_title": "", "menu_title": "", "meta_description": "", "slug": "article", "path": "article", "has_url_overwrite": false, "redirect": null, "page": 21, "creation_date": "2022-09-19T16:25:21.855Z", "published": false, "publisher_is_draft": true, "publisher_public": null, "publisher_state": 1}}, {"model": "djangocms_text_ckeditor.text", "pk": 14, "fields": {"body": "<section class=\"home__section home__section--usp\">\n<div class=\"home-usp\">\n<div class=\"home-usp__wrapper main-wrapper\">\n<div class=\"home-usp__content\">\n<div class=\"home-usp__box home-usp__box--title\">\n<h1 class=\"home-usp__title page-h1\">Venture Beyond Cell Coverage</h1>\n</div>\n\n<div class=\"home-usp__box home-usp__box--text\">\n<p class=\"home-usp__text page-text\">Space Beaver connects with your smartphone with bluetooth to provide seamless global messaging that follows you in and out of cell coverage worldwide.</p>\n\n<div class=\"home-usp__btns base-btn__group\"><a class=\"home-usp-btns__btn base-btn base-btn--black\" href=\"#\">Buy now</a> <a class=\"home-usp-btns__btn base-btn base-btn--transparent\" href=\"#\">Download our app</a></div>\n</div>\n</div>\n</div>\n\n<div class=\"home-usp__img-wrap\"><cms-plugin alt=\"Image - home-usp.png \" title=\"Image - home-usp.png\" id=\"15\"></cms-plugin></div>\n</div>\n</section>"}}, {"model": "djangocms_text_ckeditor.text", "pk": 17, "fields": {"body": "<section class=\"home__section home__section--features\">\n<div class=\"home-features\">\n<div class=\"home-features__wrapper main-wrapper\">\n<p class=\"home-features__subtitle page-subtitle text-center\">Features</p>\n\n<h2 class=\"home-features__title page-h2 text-center\">What Can Space Beaver do?</h2>\n\n<div class=\"home-features__list\">\n<div class=\"home-features__item home-features-item\">\n<div class=\"home-features-item__ico-wrap\"><cms-plugin alt=\"Image - home-features-ico-1.svg \" title=\"Image - home-features-ico-1.svg\" id=\"18\"></cms-plugin></div>\n\n<h3 class=\"home-features-item__title page-h4\">1. Message anywhere</h3>\n\n<p class=\"home-features-item__text page-text\">To receive real-time progress updates and exchange messages</p>\n</div>\n\n<div class=\"home-features__item home-features-item home-features-item--arrows\">\n<div class=\"home-features-item__ico-wrap\"><cms-plugin alt=\"Image - home-features-ico-2.svg \" title=\"Image - home-features-ico-2.svg\" id=\"19\"></cms-plugin></div>\n\n<h3 class=\"home-features-item__title page-h4\">2. SOS alerting</h3>\n\n<p class=\"home-features-item__text page-text\">If something goes wrong, SOS alerting ensures you can get help.</p>\n</div>\n\n<div class=\"home-features__item home-features-item\">\n<div class=\"home-features-item__ico-wrap\"><cms-plugin alt=\"Image - home-features-ico-3.svg \" title=\"Image - home-features-ico-3.svg\" id=\"20\"></cms-plugin></div>\n\n<h3 class=\"home-features-item__title page-h4\">3. Scheduled check-ins</h3>\n\n<p class=\"home-features-item__text page-text\">Easily check in with one button press to let others know you’re OK.</p>\n</div>\n</div>\n\n<div class=\"home-features__btns d-lg-flex d-none\"><a class=\"home-features__btn base-btn base-btn--black\" href=\"#\">Buy now</a></div>\n</div>\n</div>\n</section>"}}, {"model": "djangocms_text_ckeditor.text", "pk": 21, "fields": {"body": "<section class=\"home__section home__section--count\">\n<div class=\"home-count\">\n<div class=\"home-count__wrapper main-wrapper\">\n<div class=\"home-count__content\">\n<div class=\"home-count__box\">\n<p class=\"home-count__subtitle page-subtitle\">Count on Space Beaver</p>\n\n<h2 class=\"home-count__title page-h2\">Say Goodbye to Coverage Gaps</h2>\n\n<p class=\"home-count__text page-text\">We’re committed to offering consumers and enterprise users affordable global messaging connectivity, plus a safety system you can count on, from the moment you leave cellular coverage to your return.</p>\n</div>\n\n<div class=\"home-count__img-wrap\"> </div>\n</div>\n</div>\n</div>\n</section>"}}, {"model": "djangocms_text_ckeditor.text", "pk": 22, "fields": {"body": "<section class=\"home__section home__section--explore\">\n<div class=\"home-explore\">\n<div class=\"home-explore__wrapper main-wrapper\">\n<p class=\"home-explore__subtitle page-subtitle text-center\">Explore</p>\n\n<h2 class=\"home-explore__title page-h2 text-center\">How Space Beaver Works</h2>\n\n<div class=\"home-explore__list\">\n<div class=\"home-explore__item home-explore-item\">\n<div class=\"home-explore-item__img-wrap\"><cms-plugin alt=\"Image - home-explore-1.jpg \" title=\"Image - home-explore-1.jpg\" id=\"23\"></cms-plugin></div>\n\n<h3 class=\"home-explore-item__title page-h4 text-center\">Download the mobile app</h3>\n\n<p class=\"home-explore-item__text page-text text-center\">Easily check in with one button press to let others know you’re OK</p>\n</div>\n\n<div class=\"home-explore__item home-explore-item\">\n<div class=\"home-explore-item__img-wrap\"><cms-plugin alt=\"Image - home-explore-2.jpg \" title=\"Image - home-explore-2.jpg\" id=\"24\"></cms-plugin></div>\n\n<h3 class=\"home-explore-item__title page-h4 text-center\">Exchange text messages</h3>\n\n<p class=\"home-explore-item__text page-text text-center\">To receive real-time progress updates and exchange messages</p>\n</div>\n\n<div class=\"home-explore__item home-explore-item\">\n<div class=\"home-explore-item__img-wrap\"><cms-plugin alt=\"Image - home-explore-3.jpg \" title=\"Image - home-explore-3.jpg\" id=\"25\"></cms-plugin></div>\n\n<h3 class=\"home-explore-item__title page-h4 text-center\">SOS alerting</h3>\n\n<p class=\"home-explore-item__text page-text text-center\">SOS alerting with 24/7 monitoring and progress updates included</p>\n</div>\n</div>\n</div>\n</div>\n</section>"}}, {"model": "djangocms_text_ckeditor.text", "pk": 26, "fields": {"body": "<section class=\"home__section home__section--benefits\">\n<div class=\"home-benefits\">\n<div class=\"home-benefits__wrapper main-wrapper\">\n<p class=\"home-benefits__subtitle page-subtitle text-center\">Features</p>\n\n<h2 class=\"home-benefits__title page-h2 text-center\">What Can Space Beaver do?</h2>\n\n<div class=\"home-benefits__box-wrap\">\n<div class=\"home-benefits__box\">\n<div class=\"home-benefits__img-wrap\"><cms-plugin alt=\"Image - home-benefits-1.png \" title=\"Image - home-benefits-1.png\" id=\"27\"></cms-plugin></div>\n\n<div class=\"home-benefits__content home-benefits-content home-benefits-content--first\">\n<h3 class=\"home-benefits-content__title page-h3\">When you are beyond cell coverage</h3>\n\n<ul class=\"home-benefits-content__list base-check__list\">\n\t<li class=\"home-benefits-content___item page-text base-check__item\">Seamless messaging via satellite, cellular and Wi-Fi</li>\n\t<li class=\"home-benefits-content___item page-text base-check__item\">SOS alerting with 24/7 monitoring and progress updates</li>\n\t<li class=\"home-benefits-content___item page-text base-check__item\">Long messages of 950+ characters</li>\n\t<li class=\"home-benefits-content___item page-text base-check__item\">Location sharing</li>\n\t<li class=\"home-benefits-content___item page-text base-check__item\">More messages at a lower cost</li>\n</ul>\n</div>\n</div>\n\n<div class=\"home-benefits__box\">\n<div class=\"home-benefits__content home-benefits-content\">\n<h3 class=\"home-benefits-content__title page-h3\">When you are beyond cell coverage</h3>\n\n<ul class=\"home-benefits-content__list base-check__list\">\n\t<li class=\"home-benefits-content___item page-text base-check__item\">Seamless messaging via satellite, cellular and Wi-Fi</li>\n\t<li class=\"home-benefits-content___item page-text base-check__item\">SOS alerting with 24/7 monitoring and progress updates</li>\n\t<li class=\"home-benefits-content___item page-text base-check__item\">Long messages of 950+ characters</li>\n\t<li class=\"home-benefits-content___item page-text base-check__item\">Location sharing</li>\n\t<li class=\"home-benefits-content___item page-text base-check__item\">More messages at a lower cost</li>\n</ul>\n</div>\n\n<div class=\"home-benefits__img-wrap\"><cms-plugin alt=\"Image - home-benefits-2.png \" title=\"Image - home-benefits-2.png\" id=\"28\"></cms-plugin></div>\n</div>\n</div>\n</div>\n</div>\n</section>"}}, {"model": "djangocms_text_ckeditor.text", "pk": 29, "fields": {"body": "<section class=\"home__section home__section--safety\">\n<div class=\"home-safety\">\n<div class=\"home-safety__wrapper main-wrapper\">\n<div class=\"home-safety__content\">\n<div class=\"home-safety__img-wrap\"><cms-plugin alt=\"Image - home-safety-img.png \" title=\"Image - home-safety-img.png\" id=\"30\"></cms-plugin></div>\n\n<div class=\"home-safety__box\">\n<p class=\"home-safety__subtitle page-subtitle\">Count on Space Beaver</p>\n\n<h3 class=\"home-safety__title page-h3\">Plus safety features for peace of mind</h3>\n\n<p class=\"home-safety__text page-text\">We’re committed to offering consumers and enterprise users affordable global messaging connectivity, plus a safety system you can count on, from the moment you leave cellular coverage to your return.</p>\n</div>\n</div>\n</div>\n</div>\n</section>"}}, {"model": "djangocms_text_ckeditor.text", "pk": 31, "fields": {"body": "<section class=\"home__section home__section--reviews\">\n<div class=\"home-reviews\">\n<div class=\"home-reviews__wrapper main-wrapper\">\n<p class=\"home-reviews__subtitle page-subtitle text-center\">Reviews</p>\n\n<h2 class=\"home-reviews__title page-h2 text-center\">What our customers say</h2>\n\n<div class=\"home-reviews__list-wrap\">\n<div class=\"home-reviews__arrows\">\n<div class=\"home-reviews__arrow home-reviews__arrow-prev\"><i class=\"fa-solid fa-angle-left\"> </i></div>\n\n<div class=\"home-reviews__arrow home-reviews__arrow-next\"><i class=\"fa-solid fa-angle-right\"> </i></div>\n</div>\n\n<div class=\"home-reviews__list home-reviews__slider\">\n<div class=\"home-reviews__item home-review\">\n<div class=\"home-review__ico-wrap\"> </div>\n\n<h3 class=\"home-review__title page-h4\">Excellent!</h3>\n\n<p class=\"home-review__text page-text\">Space Beaver is an indispensible part of my hiking gear. My spouse can finally stop stressing every time I trek out</p>\n\n<div class=\"home-review__profile home-review-profile\">\n<div class=\"home-review-profile__img-wrap\"><cms-plugin alt=\"Image - home-review-1.png \" title=\"Image - home-review-1.png\" id=\"32\"></cms-plugin></div>\n\n<div class=\"home-review-profile__desc\">\n<p class=\"home-review-profile__name home-text\">Carter</p>\n\n<p class=\"home-review-profile__job home-text\">Space Beaver enthusiast</p>\n</div>\n</div>\n</div>\n\n<div class=\"home-reviews__item home-review\">\n<div class=\"home-review__ico-wrap\"> </div>\n\n<h3 class=\"home-review__title page-h4\">Excellent!</h3>\n\n<p class=\"home-review__text page-text\">Space Beaver is an indispensible part of my hiking gear. My spouse can finally stop stressing every time I trek out</p>\n\n<div class=\"home-review__profile home-review-profile\">\n<div class=\"home-review-profile__img-wrap\"><cms-plugin alt=\"Image - home-review-2.png \" title=\"Image - home-review-2.png\" id=\"33\"></cms-plugin></div>\n\n<div class=\"home-review-profile__desc\">\n<p class=\"home-review-profile__name home-text\">Carter</p>\n\n<p class=\"home-review-profile__job home-text\">Space Beaver enthusiast</p>\n</div>\n</div>\n</div>\n\n<div class=\"home-reviews__item home-review\">\n<div class=\"home-review__ico-wrap\"> </div>\n\n<h3 class=\"home-review__title page-h4\">Excellent!</h3>\n\n<p class=\"home-review__text page-text\">Space Beaver is an indispensible part of my hiking gear. My spouse can finally stop stressing every time I trek out</p>\n\n<div class=\"home-review__profile home-review-profile\">\n<div class=\"home-review-profile__img-wrap\"><cms-plugin alt=\"Image - home-review-3.png \" title=\"Image - home-review-3.png\" id=\"34\"></cms-plugin></div>\n\n<div class=\"home-review-profile__desc\">\n<p class=\"home-review-profile__name home-text\">Carter</p>\n\n<p class=\"home-review-profile__job home-text\">Space Beaver enthusiast</p>\n</div>\n</div>\n</div>\n\n<div class=\"home-reviews__item home-review\">\n<div class=\"home-review__ico-wrap\"> </div>\n\n<h3 class=\"home-review__title page-h4\">Excellent!</h3>\n\n<p class=\"home-review__text page-text\">Space Beaver is an indispensible part of my hiking gear. My spouse can finally stop stressing every time I trek out</p>\n\n<div class=\"home-review__profile home-review-profile\">\n<div class=\"home-review-profile__img-wrap\"><cms-plugin alt=\"Image - home-review-1.png \" title=\"Image - home-review-1.png\" id=\"35\"></cms-plugin></div>\n\n<div class=\"home-review-profile__desc\">\n<p class=\"home-review-profile__name home-text\">Carter</p>\n\n<p class=\"home-review-profile__job home-text\">Space Beaver enthusiast</p>\n</div>\n</div>\n</div>\n\n<div class=\"home-reviews__item home-review\">\n<div class=\"home-review__ico-wrap\"> </div>\n\n<h3 class=\"home-review__title page-h4\">Excellent!</h3>\n\n<p class=\"home-review__text page-text\">Space Beaver is an indispensible part of my hiking gear. My spouse can finally stop stressing every time I trek out</p>\n\n<div class=\"home-review__profile home-review-profile\">\n<div class=\"home-review-profile__img-wrap\"><cms-plugin alt=\"Image - home-review-2.png \" title=\"Image - home-review-2.png\" id=\"36\"></cms-plugin></div>\n\n<div class=\"home-review-profile__desc\">\n<p class=\"home-review-profile__name home-text\">Carter</p>\n\n<p class=\"home-review-profile__job home-text\">Space Beaver enthusiast</p>\n</div>\n</div>\n</div>\n\n<div class=\"home-reviews__item home-review\">\n<div class=\"home-review__ico-wrap\"> </div>\n\n<h3 class=\"home-review__title page-h4\">Excellent!</h3>\n\n<p class=\"home-review__text page-text\">Space Beaver is an indispensible part of my hiking gear. My spouse can finally stop stressing every time I trek out</p>\n\n<div class=\"home-review__profile home-review-profile\">\n<div class=\"home-review-profile__img-wrap\"><cms-plugin alt=\"Image - home-review-3.png \" title=\"Image - home-review-3.png\" id=\"37\"></cms-plugin></div>\n\n<div class=\"home-review-profile__desc\">\n<p class=\"home-review-profile__name home-text\">Carter</p>\n\n<p class=\"home-review-profile__job home-text\">Space Beaver enthusiast</p>\n</div>\n</div>\n</div>\n</div>\n</div>\n</div>\n</div>\n</section>"}}, {"model": "djangocms_text_ckeditor.text", "pk": 38, "fields": {"body": "<section class=\"home__section home__section--coverage\">\n<div class=\"home-coverage\">\n<div class=\"home-coverage__wrapper main-wrapper\">\n<div class=\"home-coverage__content\">\n<div class=\"home-coverage__box\">\n<p class=\"home-coverage__subtitle page-subtitle\">Count on Space Beaver</p>\n\n<h2 class=\"home-coverage__title page-h3\">Hello Space Beaver, Goodbye Coverage Gaps</h2>\n\n<p class=\"home-coverage__text page-text\">Meet the affordable accessory that extends your smartphone messaging coverage to everywhere on Earth.</p>\n</div>\n\n<div class=\"home-coverage__img-wrap\"><cms-plugin alt=\"Image - home-coverage-img.png \" title=\"Image - home-coverage-img.png\" id=\"39\"></cms-plugin></div>\n</div>\n</div>\n</div>\n</section>"}}, {"model": "djangocms_text_ckeditor.text", "pk": 40, "fields": {"body": "<section class=\"home__section home__section--usp\">\n<div class=\"home-usp\">\n<div class=\"home-usp__wrapper main-wrapper\">\n<div class=\"home-usp__content\">\n<div class=\"home-usp__box home-usp__box--title\">\n<h1 class=\"home-usp__title page-h1\">App for Phones and Tablets</h1>\n</div>\n\n<div class=\"home-usp__box home-usp__box--text\">\n<p class=\"home-usp__text page-text\">Messaging, SOS, Check-in, Weather Forecasts, GPS Location and More</p>\n\n<div class=\"home-usp__btns base-btn__group home-usp__btns--mobile\"><cms-plugin alt=\"Image - download-ios.svg \" title=\"Image - download-ios.svg\" id=\"41\"></cms-plugin> <a class=\"home-usp-btns__btn\" href=\"#\"> </a><cms-plugin alt=\"Image - download-android.svg \" title=\"Image - download-android.svg\" id=\"42\"></cms-plugin><a class=\"home-usp-btns__btn\" href=\"#\"> </a></div>\n</div>\n</div>\n\n<div class=\"home-usp__img-wrap\"><cms-plugin alt=\"Image - mobile-usp.jpg \" title=\"Image - mobile-usp.jpg\" id=\"43\"></cms-plugin></div>\n</div>\n</div>\n</section>"}}, {"model": "djangocms_text_ckeditor.text", "pk": 44, "fields": {"body": "<section class=\"home__section home__section--features\">\n<div class=\"home-features\">\n<div class=\"home-features__wrapper main-wrapper\">\n<p class=\"home-features__subtitle page-subtitle text-center\">Features</p>\n\n<h2 class=\"home-features__title page-h2 text-center\">What Can Space Beaver do?</h2>\n\n<div class=\"home-features__list\">\n<div class=\"home-features__item home-features-item\">\n<div class=\"home-features-item__ico-wrap\"><cms-plugin alt=\"Image - mobile-features-1.svg \" title=\"Image - mobile-features-1.svg\" id=\"46\"></cms-plugin></div>\n\n<h3 class=\"home-features-item__title page-h4\">Message anywhere</h3>\n\n<p class=\"home-features-item__text page-text\">To receive real-time progress updates and exchange messages</p>\n</div>\n\n<div class=\"home-features__item home-features-item\">\n<div class=\"home-features-item__ico-wrap\"><cms-plugin alt=\"Image - mobile-features-2.svg \" title=\"Image - mobile-features-2.svg\" id=\"47\"></cms-plugin></div>\n\n<h3 class=\"home-features-item__title page-h4\">Manage your contacts</h3>\n\n<p class=\"home-features-item__text page-text\">If something goes wrong, SOS alerting ensures you can get help.</p>\n</div>\n\n<div class=\"home-features__item home-features-item\">\n<div class=\"home-features-item__ico-wrap\"><cms-plugin alt=\"Image - mobile-features-3.svg \" title=\"Image - mobile-features-3.svg\" id=\"48\"></cms-plugin></div>\n\n<h3 class=\"home-features-item__title page-h4\">Send SOS notifications</h3>\n\n<p class=\"home-features-item__text page-text\">Easily check in with one button press to let others know you’re OK.</p>\n</div>\n</div>\n</div>\n</div>\n</section>"}}, {"model": "djangocms_text_ckeditor.text", "pk": 49, "fields": {"body": "<section class=\"home__section home__section--coverage\">\n<div class=\"home-coverage home-coverage--mobile\">\n<div class=\"home-coverage__wrapper main-wrapper\">\n<div class=\"home-coverage__content\">\n<div class=\"home-coverage__box\">\n<p class=\"home-coverage__subtitle page-subtitle\">Count on Space Beaver</p>\n\n<h2 class=\"home-coverage__title page-h3\">Hello Space Beaver, Goodbye Coverage Gaps</h2>\n\n<p class=\"home-coverage__text page-text\">Meet the affordable accessory that extends your smartphone messaging coverage to everywhere on Earth.</p>\n</div>\n\n<div class=\"home-coverage__img-wrap\"><cms-plugin alt=\"Image - mobile-coverage-img.png \" title=\"Image - mobile-coverage-img.png\" id=\"50\"></cms-plugin></div>\n</div>\n</div>\n</div>\n</section>"}}, {"model": "djangocms_text_ckeditor.text", "pk": 51, "fields": {"body": "<section class=\"home__section home__section--image mb-4\">\n<div class=\"home-image\">\n<div class=\"home-image__wrapper main-wrapper\">\n<div class=\"home-image__content\">\n<div class=\"home-image__box\">\n<div class=\"home-image__img-wrap\"><cms-plugin alt=\"Image - mobile-home-img-1.png \" title=\"Image - mobile-home-img-1.png\" id=\"52\"></cms-plugin></div>\n</div>\n\n<div class=\"home-image__box home-image__box--text\">\n<div class=\"home-image__text-wrap\">\n<p class=\"home-image__subtitle page-subtitle\">Count on Space Beaver</p>\n\n<h2 class=\"home-image__title page-h3\">Hello Space Beaver, Goodbye Coverage Gaps</h2>\n\n<p class=\"home-image__text page-text\">Meet the affordable accessory that extends your smartphone messaging coverage to everywhere on Earth.</p>\n\n<div class=\"home-image__btns base-btn__group\"><a class=\"home-image__btn base-btn base-btn--black\" href=\"#\">Download</a></div>\n</div>\n</div>\n</div>\n</div>\n</div>\n</section>"}}, {"model": "djangocms_text_ckeditor.text", "pk": 53, "fields": {"body": "<section class=\"home__section home__section--coverage\">\n<div class=\"home-coverage home-coverage--mobile-green\">\n<div class=\"home-coverage__wrapper main-wrapper\">\n<div class=\"home-coverage__content\">\n<div class=\"home-coverage__box\">\n<p class=\"home-coverage__subtitle page-subtitle\">Count on Space Beaver</p>\n\n<h2 class=\"home-coverage__title page-h3\">For Anyone Who Ventures Beyond Cell Coverage</h2>\n\n<p class=\"home-coverage__text page-text\">Meet the affordable accessory that extends your smartphone messaging coverage to everywhere on Earth.</p>\n</div>\n\n<div class=\"home-coverage__img-wrap\"><cms-plugin alt=\"Image - mobile-2-coverage-img.png \" title=\"Image - mobile-2-coverage-img.png\" id=\"54\"></cms-plugin></div>\n</div>\n</div>\n</div>\n</section>"}}, {"model": "djangocms_text_ckeditor.text", "pk": 55, "fields": {"body": "<section class=\"home__section home__section--image mb-4\">\n<div class=\"home-image\">\n<div class=\"home-image__wrapper main-wrapper\">\n<div class=\"home-image__content\">\n<div class=\"home-image__box\">\n<div class=\"home-image__img-wrap\"><cms-plugin alt=\"Image - mobile-home-img-2.png \" title=\"Image - mobile-home-img-2.png\" id=\"56\"></cms-plugin></div>\n</div>\n\n<div class=\"home-image__box home-image__box--text\">\n<div class=\"home-image__text-wrap\">\n<p class=\"home-image__subtitle page-subtitle\">Count on Space Beaver</p>\n\n<h2 class=\"home-image__title page-h3\">When you're within cell coverage</h2>\n\n<p class=\"home-image__text page-text\">Meet the affordable accessory that extends your smartphone messaging coverage to everywhere on Earth.</p>\n\n<div class=\"home-image__btns base-btn__group\"><a class=\"home-image__btn base-btn base-btn--black\" href=\"#\">Download</a></div>\n</div>\n</div>\n</div>\n</div>\n</div>\n</section>"}}, {"model": "djangocms_text_ckeditor.text", "pk": 57, "fields": {"body": "<section class=\"mobile-page__section mobile__section--reviews\">\n<div class=\"mobile-page-reviews\">\n<div class=\"mobile-page-reviews__wrapper main-wrapper\">\n<div class=\"mobile-page-reviews__content\">\n<div class=\"mobile-page-reviews__slider\">\n<div class=\"mobile-page-reviews__item-wrap\">\n<div class=\"mobile-page-reviews__item\">\n<div class=\"mobile-page-reviews__img-wrap\"><cms-plugin alt=\"Image - mobile-page-review-1.png \" title=\"Image - mobile-page-review-1.png\" id=\"58\"></cms-plugin></div>\n\n<h4 class=\"mobile-page-reviews__title text-center\">Space Beaver is an indispensible part of my hiking gear. My spouse can finally stop stressing every time I trek out</h4>\n\n<p class=\"mobile-page-reviews__name page-text text-center\">Carter</p>\n\n<p class=\"mobile-page-reviews__text page-text text-center\">Space Beaver enthusiast</p>\n</div>\n</div>\n\n<div class=\"mobile-page-reviews__item-wrap\">\n<div class=\"mobile-page-reviews__item\">\n<div class=\"mobile-page-reviews__img-wrap\"><cms-plugin alt=\"Image - mobile-page-review-1.png \" title=\"Image - mobile-page-review-1.png\" id=\"59\"></cms-plugin></div>\n\n<h4 class=\"mobile-page-reviews__title text-center\">Space Beaver is an indispensible part of my hiking gear. My spouse can finally stop stressing every time I trek out</h4>\n\n<p class=\"mobile-page-reviews__name page-text text-center\">Carter</p>\n\n<p class=\"mobile-page-reviews__text page-text text-center\">Space Beaver enthusiast</p>\n</div>\n</div>\n\n<div class=\"mobile-page-reviews__item-wrap\">\n<div class=\"mobile-page-reviews__item\">\n<div class=\"mobile-page-reviews__img-wrap\"><cms-plugin alt=\"Image - mobile-page-review-1.png \" title=\"Image - mobile-page-review-1.png\" id=\"60\"></cms-plugin></div>\n\n<h4 class=\"mobile-page-reviews__title text-center\">Space Beaver is an indispensible part of my hiking gear. My spouse can finally stop stressing every time I trek out</h4>\n\n<p class=\"mobile-page-reviews__name page-text text-center\">Carter</p>\n\n<p class=\"mobile-page-reviews__text page-text text-center\">Space Beaver enthusiast</p>\n</div>\n</div>\n</div>\n</div>\n</div>\n</div>\n</section>"}}, {"model": "djangocms_text_ckeditor.text", "pk": 61, "fields": {"body": "<section class=\"home__section home__section--usp\">\n<div class=\"home-usp\">\n<div class=\"home-usp__wrapper main-wrapper\">\n<div class=\"home-usp__content\">\n<div class=\"home-usp__box home-usp__box--title\">\n<h1 class=\"home-usp__title page-h1\">Seamless Global Messaging</h1>\n</div>\n\n<div class=\"home-usp__box home-usp__box--text\">\n<p class=\"home-usp__text page-text\">Only Space Beaver connects with your phone or tablet to provide seamless global messaging</p>\n\n<div class=\"home-usp__btns base-btn__group\"><a class=\"home-usp-btns__btn base-btn base-btn--black\" href=\"#\">Buy now</a> <a class=\"home-usp-btns__btn base-btn base-btn--transparent\" href=\"#\">Download our app</a></div>\n</div>\n</div>\n</div>\n\n<div class=\"home-usp__img-wrap\"><cms-plugin alt=\"Image - product-usp-bg.jpg \" title=\"Image - product-usp-bg.jpg\" id=\"62\"></cms-plugin></div>\n</div>\n</section>"}}, {"model": "djangocms_text_ckeditor.text", "pk": 63, "fields": {"body": "<section class=\"home__section home__section--image mb-5\">\n<div class=\"home-image home-image--product\">\n<div class=\"home-image__wrapper main-wrapper\">\n<div class=\"product-image__box\">\n<p class=\"product-image__subtitle page-subtitle text-center\">Features</p>\n\n<h2 class=\"product-image__title page-h2 text-center\">Hello Space Beaver, Goodbye Coverage Gaps</h2>\n</div>\n\n<div class=\"home-image__content\">\n<div class=\"home-image__box\">\n<div class=\"home-image__img-wrap\"><cms-plugin alt=\"Image - product-page-img-1.png \" title=\"Image - product-page-img-1.png\" id=\"64\"></cms-plugin></div>\n</div>\n\n<div class=\"home-image__box home-image__box--text\">\n<div class=\"home-image__text-wrap\">\n<p class=\"home-image__subtitle page-subtitle\">Count on Space Beaver</p>\n\n<h3 class=\"home-image__title page-h3\">Affordable accessory</h3>\n\n<p class=\"home-image__text page-text\">Meet Space Beaver the affordable accessory that extends your smartphone messaging coverage to everywhere on Earth and provides a safety system you can count on.</p>\n\n<ul class=\"home-benefits-content__list base-check__list\">\n\t<li class=\"home-benefits-content___item page-text base-check__item\">Message anywhere over satellite, cellular and Wi-Fi</li>\n\t<li class=\"home-benefits-content___item page-text base-check__item\">Check-in to let others know you’re OK</li>\n\t<li class=\"home-benefits-content___item page-text base-check__item\">Share your GPS location</li>\n</ul>\n\n<div class=\"home-image__btns base-btn__group\"><a class=\"home-image__btn base-btn base-btn--black\" href=\"#\">Buy now</a></div>\n</div>\n</div>\n</div>\n</div>\n</div>\n</section>"}}, {"model": "djangocms_text_ckeditor.text", "pk": 65, "fields": {"body": "<section class=\"home__section home__section--product-works\">\n<div class=\"product-works\">\n<div class=\"product-works__wrapper main-wrapper\">\n<p class=\"product-works__subtitle page-subtitle text-center\">You’ll never miss a message again</p>\n\n<h2 class=\"product-works__title page-h2 text-center\">How it works</h2>\n\n<div class=\"product-works__list\">\n<div class=\"product-works__item product-works-item\">\n<div class=\"product-works-item__ico-wrap\"><cms-plugin alt=\"Image - product-works-1.svg \" title=\"Image - product-works-1.svg\" id=\"66\"></cms-plugin></div>\n\n<h3 class=\"product-works-item__title page-h4\">Connection</h3>\n\n<p class=\"product-works-item__text page-text\">Your Space Beaver device connects with our free app on your phone so you can send/receive messages anywhere on the planet via the Iridium satellite network.</p>\n</div>\n\n<div class=\"product-works__item product-works-item product-works-item--arrows\">\n<div class=\"product-works-item__ico-wrap\"><cms-plugin alt=\"Image - product-works-2.svg \" title=\"Image - product-works-2.svg\" id=\"67\"></cms-plugin></div>\n\n<h3 class=\"product-works-item__title page-h4\">2. Enjoy using</h3>\n\n<p class=\"product-works-item__text page-text\">Our app seamlessly delivers messages over cellular and Wi-Fi. You'll always get the message, even if your satellite communicator device is turned off!</p>\n</div>\n\n<div class=\"product-works__item product-works-item\">\n<div class=\"product-works-item__ico-wrap\"><cms-plugin alt=\"Image - product-works-3.svg \" title=\"Image - product-works-3.svg\" id=\"68\"></cms-plugin></div>\n\n<h3 class=\"product-works-item__title page-h4\">3. Manage numbers</h3>\n\n<p class=\"product-works-item__text page-text\">Manage your numbers, block and add new numbers to the list. Only our provides seamless global messaging you can always count on your connection.</p>\n</div>\n</div>\n</div>\n</div>\n</section>"}}, {"model": "djangocms_text_ckeditor.text", "pk": 69, "fields": {"body": "<section class=\"home__section home__section--image mb-5\">\n<div class=\"home-image home-image--product home-image--product-2\">\n<div class=\"home-image__wrapper main-wrapper\">\n<div class=\"home-image__content\">\n<div class=\"home-image__box home-image__box--text\">\n<div class=\"home-image__text-wrap\">\n<p class=\"home-image__subtitle page-subtitle\">Count on Space Beaver</p>\n\n<h2 class=\"home-image__title page-h3\">Affordable accessory</h2>\n\n<p class=\"home-image__text page-text\">Meet Space Beaver the affordable accessory that extends your smartphone messaging coverage to everywhere on Earth and provides a safety system you can count on.</p>\n\n<ul class=\"home-benefits-content__list base-check__list\">\n\t<li class=\"home-benefits-content___item page-text base-check__item\">Message anywhere over satellite, cellular and Wi-Fi</li>\n\t<li class=\"home-benefits-content___item page-text base-check__item\">Check-in to let others know you’re OK</li>\n\t<li class=\"home-benefits-content___item page-text base-check__item\">Share your GPS location</li>\n</ul>\n\n<div class=\"home-image__btns base-btn__group\"><a class=\"home-image__btn base-btn base-btn--black\" href=\"#\">Buy now</a></div>\n</div>\n</div>\n\n<div class=\"home-image__box\">\n<div class=\"home-image__img-wrap\"><cms-plugin alt=\"Image - product-page-img-2.png \" title=\"Image - product-page-img-2.png\" id=\"70\"></cms-plugin></div>\n</div>\n</div>\n</div>\n</div>\n</section>"}}, {"model": "djangocms_text_ckeditor.text", "pk": 71, "fields": {"body": "<section class=\"home__section home__section--reviews mb-0\">\n<div class=\"home-reviews\">\n<div class=\"home-reviews__wrapper main-wrapper\">\n<p class=\"home-reviews__subtitle page-subtitle text-center\">Reviews</p>\n\n<h2 class=\"home-reviews__title page-h2 text-center\">What our customers say</h2>\n\n<div class=\"home-reviews__list-wrap\">\n<div class=\"home-reviews__arrows\">\n<div class=\"home-reviews__arrow home-reviews__arrow-prev\"><i class=\"fa-solid fa-angle-left\"> </i></div>\n\n<div class=\"home-reviews__arrow home-reviews__arrow-next\"><i class=\"fa-solid fa-angle-right\"> </i></div>\n</div>\n\n<div class=\"home-reviews__list home-reviews__slider\">\n<div class=\"home-reviews__item home-review\">\n<div class=\"home-review__ico-wrap\"> </div>\n\n<h3 class=\"home-review__title page-h4\">Excellent!</h3>\n\n<p class=\"home-review__text page-text\">Space Beaver is an indispensible part of my hiking gear. My spouse can finally stop stressing every time I trek out</p>\n\n<div class=\"home-review__profile home-review-profile\">\n<div class=\"home-review-profile__img-wrap\"><cms-plugin alt=\"Image - home-review-1.png \" title=\"Image - home-review-1.png\" id=\"72\"></cms-plugin></div>\n\n<div class=\"home-review-profile__desc\">\n<p class=\"home-review-profile__name home-text\">Carter</p>\n\n<p class=\"home-review-profile__job home-text\">Space Beaver enthusiast</p>\n</div>\n</div>\n</div>\n\n<div class=\"home-reviews__item home-review\">\n<div class=\"home-review__ico-wrap\"> </div>\n\n<h3 class=\"home-review__title page-h4\">Excellent!</h3>\n\n<p class=\"home-review__text page-text\">Space Beaver is an indispensible part of my hiking gear. My spouse can finally stop stressing every time I trek out</p>\n\n<div class=\"home-review__profile home-review-profile\">\n<div class=\"home-review-profile__img-wrap\"><cms-plugin alt=\"Image - home-review-2.png \" title=\"Image - home-review-2.png\" id=\"73\"></cms-plugin></div>\n\n<div class=\"home-review-profile__desc\">\n<p class=\"home-review-profile__name home-text\">Carter</p>\n\n<p class=\"home-review-profile__job home-text\">Space Beaver enthusiast</p>\n</div>\n</div>\n</div>\n\n<div class=\"home-reviews__item home-review\">\n<div class=\"home-review__ico-wrap\"> </div>\n\n<h3 class=\"home-review__title page-h4\">Excellent!</h3>\n\n<p class=\"home-review__text page-text\">Space Beaver is an indispensible part of my hiking gear. My spouse can finally stop stressing every time I trek out</p>\n\n<div class=\"home-review__profile home-review-profile\">\n<div class=\"home-review-profile__img-wrap\"><cms-plugin alt=\"Image - home-review-3.png \" title=\"Image - home-review-3.png\" id=\"74\"></cms-plugin></div>\n\n<div class=\"home-review-profile__desc\">\n<p class=\"home-review-profile__name home-text\">Carter</p>\n\n<p class=\"home-review-profile__job home-text\">Space Beaver enthusiast</p>\n</div>\n</div>\n</div>\n\n<div class=\"home-reviews__item home-review\">\n<div class=\"home-review__ico-wrap\"> </div>\n\n<h3 class=\"home-review__title page-h4\">Excellent!</h3>\n\n<p class=\"home-review__text page-text\">Space Beaver is an indispensible part of my hiking gear. My spouse can finally stop stressing every time I trek out</p>\n\n<div class=\"home-review__profile home-review-profile\">\n<div class=\"home-review-profile__img-wrap\"><cms-plugin alt=\"Image - home-review-1.png \" title=\"Image - home-review-1.png\" id=\"75\"></cms-plugin></div>\n\n<div class=\"home-review-profile__desc\">\n<p class=\"home-review-profile__name home-text\">Carter</p>\n\n<p class=\"home-review-profile__job home-text\">Space Beaver enthusiast</p>\n</div>\n</div>\n</div>\n\n<div class=\"home-reviews__item home-review\">\n<div class=\"home-review__ico-wrap\"> </div>\n\n<h3 class=\"home-review__title page-h4\">Excellent!</h3>\n\n<p class=\"home-review__text page-text\">Space Beaver is an indispensible part of my hiking gear. My spouse can finally stop stressing every time I trek out</p>\n\n<div class=\"home-review__profile home-review-profile\">\n<div class=\"home-review-profile__img-wrap\"><cms-plugin alt=\"Image - home-review-2.png \" title=\"Image - home-review-2.png\" id=\"76\"></cms-plugin></div>\n\n<div class=\"home-review-profile__desc\">\n<p class=\"home-review-profile__name home-text\">Carter</p>\n\n<p class=\"home-review-profile__job home-text\">Space Beaver enthusiast</p>\n</div>\n</div>\n</div>\n\n<div class=\"home-reviews__item home-review\">\n<div class=\"home-review__ico-wrap\"> </div>\n\n<h3 class=\"home-review__title page-h4\">Excellent!</h3>\n\n<p class=\"home-review__text page-text\">Space Beaver is an indispensible part of my hiking gear. My spouse can finally stop stressing every time I trek out</p>\n\n<div class=\"home-review__profile home-review-profile\">\n<div class=\"home-review-profile__img-wrap\"><cms-plugin alt=\"Image - home-review-3.png \" title=\"Image - home-review-3.png\" id=\"77\"></cms-plugin></div>\n\n<div class=\"home-review-profile__desc\">\n<p class=\"home-review-profile__name home-text\">Carter</p>\n\n<p class=\"home-review-profile__job home-text\">Space Beaver enthusiast</p>\n</div>\n</div>\n</div>\n</div>\n</div>\n</div>\n</div>\n</section>"}}, {"model": "djangocms_text_ckeditor.text", "pk": 78, "fields": {"body": "<section class=\"home__section home__section--usp\">\n<div class=\"home-usp\">\n<div class=\"home-usp__wrapper main-wrapper\">\n<div class=\"home-usp__content\">\n<div class=\"home-usp__box home-usp__box--title\">\n<h1 class=\"home-usp__title page-h1\">About Space Beaver</h1>\n</div>\n\n<div class=\"home-usp__box home-usp__box--text\">\n<p class=\"home-usp__text page-text\">We’re committed to offering consumers and enterprise users affordable global messaging connectivity</p>\n\n<div class=\"home-usp__btns base-btn__group\"><a class=\"home-usp-btns__btn base-btn base-btn--black\" href=\"#\">Buy now</a> <a class=\"home-usp-btns__btn base-btn base-btn--transparent\" href=\"#\">Download our app</a></div>\n</div>\n</div>\n</div>\n\n<div class=\"home-usp__img-wrap\"><cms-plugin alt=\"Image - about-usp-img.jpg \" title=\"Image - about-usp-img.jpg\" id=\"79\"></cms-plugin></div>\n</div>\n</section>"}}, {"model": "djangocms_text_ckeditor.text", "pk": 80, "fields": {"body": "<section class=\"home__section home__section--image mb-5\">\n<div class=\"home-image home-image--about\">\n<div class=\"home-image__wrapper main-wrapper\">\n<div class=\"home-image__content\">\n<div class=\"home-image__box\">\n<div class=\"home-image__img-wrap\"><cms-plugin alt=\"Image - about-page-img-1.png \" title=\"Image - about-page-img-1.png\" id=\"81\"></cms-plugin></div>\n</div>\n\n<div class=\"home-image__box home-image__box--text home-image__box--dot\">\n<div class=\"home-image__text-wrap\">\n<h2 class=\"home-image__title page-h3\">Who We Are</h2>\n\n<p class=\"home-image__text page-text\">Together we’re committed to offering consumers and enterprise users affordable global messaging connectivity, plus a safety system you can count on, from the moment you leave cellular coverage to your return. Providing a familiar smartphone messaging experience that transmits seamlessly over satellite, cellular and Wi-Fi, we’re reinventing global messaging — the way it should be.</p>\n\n<div class=\"home-image__btns base-btn__group\"><a class=\"home-image__btn base-btn base-btn--black\" href=\"#\">Discover our products</a></div>\n</div>\n</div>\n</div>\n</div>\n</div>\n</section>"}}, {"model": "djangocms_text_ckeditor.text", "pk": 82, "fields": {"body": "<section class=\"home__section home__section--image mb-5\">\n<div class=\"home-image home-image--about\">\n<div class=\"home-image__wrapper main-wrapper\">\n<div class=\"home-image__content\">\n<div class=\"home-image__box home-image__box--text\">\n<div class=\"home-image__text-wrap\">\n<h2 class=\"home-image__title page-h3\">Our Mission</h2>\n\n<p class=\"home-image__text page-text\">Together we’re committed to offering consumers and enterprise users affordable global messaging connectivity, plus a safety system you can count on, from the moment you leave cellular coverage to your return. Providing a familiar smartphone messaging experience that transmits seamlessly over satellite, cellular and Wi-Fi, we’re reinventing global messaging — the way it should be.</p>\n\n<div class=\"home-image__btns base-btn__group\"><a class=\"home-image__btn base-btn base-btn--black\" href=\"#\">Discover our products</a></div>\n</div>\n</div>\n\n<div class=\"home-image__box home-image__box--about\">\n<div class=\"home-image__img-wrap\"><cms-plugin alt=\"Image - about-page-img-2.png \" title=\"Image - about-page-img-2.png\" id=\"83\"></cms-plugin></div>\n</div>\n</div>\n</div>\n</div>\n</section>"}}, {"model": "djangocms_text_ckeditor.text", "pk": 84, "fields": {"body": "<section class=\"home__section home__section--explore\">\n<div class=\"home-explore home-explore--about\">\n<div class=\"home-explore__wrapper main-wrapper\">\n<p class=\"home-explore__subtitle page-subtitle text-center\">You’ll never miss a message again</p>\n\n<h2 class=\"home-explore__title page-h2 text-center\">Why Space Beaver</h2>\n\n<div class=\"home-explore__list\">\n<div class=\"home-explore__item home-explore-item\">\n<div class=\"home-explore-item__img-wrap\"><cms-plugin alt=\"Image - about-explore-1.png \" title=\"Image - about-explore-1.png\" id=\"85\"></cms-plugin></div>\n\n<h3 class=\"home-explore-item__title page-h4 text-center\">1,000 users around the world</h3>\n\n<p class=\"home-explore-item__text page-text text-center\">To receive real-time progress updates and exchange messages</p>\n</div>\n\n<div class=\"home-explore__item home-explore-item\">\n<div class=\"home-explore-item__img-wrap\"><cms-plugin alt=\"Image - about-explore-2.png \" title=\"Image - about-explore-2.png\" id=\"86\"></cms-plugin></div>\n\n<h3 class=\"home-explore-item__title page-h4 text-center\">Strong support</h3>\n\n<p class=\"home-explore-item__text page-text text-center\">If something goes wrong, SOS alerting ensures you can get help.</p>\n</div>\n\n<div class=\"home-explore__item home-explore-item\">\n<div class=\"home-explore-item__img-wrap\"><cms-plugin alt=\"Image - about-explore-3.png \" title=\"Image - about-explore-3.png\" id=\"87\"></cms-plugin></div>\n\n<h3 class=\"home-explore-item__title page-h4 text-center\">Powerful features</h3>\n\n<p class=\"home-explore-item__text page-text text-center\">Easily check in with one button press to let others know you’re OK.</p>\n</div>\n</div>\n</div>\n</div>\n</section>"}}, {"model": "djangocms_text_ckeditor.text", "pk": 88, "fields": {"body": "<section class=\"about-page__section about-page__section--quote\">\n    <div class=\"about-page-quote\">\n      <div class=\"about-page-quote__wrapper main-wrapper\">\n        <div class=\"about-page-quote__content\">\n          <p class=\"about-page-quote__text\">\n            Together we’re committed to offering consumers and enterprise users <span class=\"about-page-quote__text--color\">affordable global messaging</span> connectivity\n          </p>\n        </div>\n      </div>\n    </div>\n  </section>"}}, {"model": "djangocms_text_ckeditor.text", "pk": 89, "fields": {"body": "<section class=\"home__section home__section--usp\">\n<div class=\"home-usp\">\n<div class=\"home-usp__wrapper main-wrapper\">\n<div class=\"home-usp__content\">\n<div class=\"home-usp__box home-usp__box--title\">\n<h1 class=\"home-usp__title page-h1\">Monthly Space Beaver Plans</h1>\n</div>\n\n<div class=\"home-usp__box home-usp__box--text\">\n<p class=\"home-usp__text page-text\">Enjoy More Bundled Messages Only With Space Beaver</p>\n\n<div class=\"home-usp__btns base-btn__group\"><a class=\"home-usp-btns__btn base-btn base-btn--black\" href=\"#\">Choose Your Plan</a> <a class=\"home-usp-btns__btn base-btn base-btn--transparent\" href=\"#\">Download our app</a></div>\n</div>\n</div>\n</div>\n\n<div class=\"home-usp__img-wrap\"><cms-plugin alt=\"Image - pricing-usp-img.png \" title=\"Image - pricing-usp-img.png\" id=\"90\"></cms-plugin></div>\n</div>\n</section>"}}, {"model": "djangocms_text_ckeditor.text", "pk": 91, "fields": {"body": "<section class=\"home__section home__section--pricing\">\n    <div class=\"home-pricing\">\n      <div class=\"home-pricing__wrapper main-wrapper\">\n        <div class=\"home-pricing__content\">\n          <div class=\"home-pricing__box\">\n            <div class=\"home-pricing__list-wrap\">\n              <div class=\"home-pricing__toggle home-pricing-toggle\">\n                <input class=\"home-pricing-toggle__input\" type=\"radio\" id=\"pricing-toggle__first\" name=\"pricing-toggle\" checked>\n                <label class=\"home-pricing-toggle__label\" for=\"pricing-toggle__first\">Monthly</label>\n                <input class=\"home-pricing-toggle__input\" type=\"radio\" id=\"pricing-toggle__second\" name=\"pricing-toggle\">\n                <label class=\"home-pricing-toggle__label\" for=\"pricing-toggle__second\">Yearly</label>\n              </div>\n              <ul class=\"home-pricing__list\">\n                <li class=\"home-pricing__item\">Monthly Fee</li>\n                <li class=\"home-pricing__item\">Additional Messages</li>\n                <li class=\"home-pricing__item\">Cellular &amp; Wi-Fi Messages</li>\n                <li class=\"home-pricing__item\">Satellite SOS Alerts</li>\n                <li class=\"home-pricing__item\">24/7 SOS Monitoring Service</li>\n              </ul>\n            </div>\n          </div>\n          <div class=\"home-pricing__box\">\n            <div class=\"home-pricing__select-wrap\">\n              <label class=\"home-pricing-select\">\n                <input class=\"home-pricing-select__input\" type=\"radio\" name=\"select-plan\" checked>\n                <div class=\"home-pricing-select__content\">\n                  <div class=\"home-pricing-select__ico\"></div>\n                  <div class=\"home-pricing-select__box\">\n                    <span class=\"home-pricing-select__name\">Basic</span>\n                    <span class=\"home-pricing-select__discount\">Save 20%</span>\n                  </div>\n                  <div class=\"home-pricing-select__price\">\n                    <span class=\"home-pricing-select__num\">$20</span>\n                    <span class=\"home-pricing-select__month\">/month</span>\n                  </div>\n                </div>\n              </label>\n              <label class=\"home-pricing-select\">\n                <input class=\"home-pricing-select__input\" type=\"radio\" name=\"select-plan\">\n                <div class=\"home-pricing-select__content\">\n                  <div class=\"home-pricing-select__ico\"></div>\n                  <div class=\"home-pricing-select__box\">\n                    <span class=\"home-pricing-select__name\">In Touch</span>\n                    <span class=\"home-pricing-select__discount\">Save 20%</span>\n                  </div>\n                  <div class=\"home-pricing-select__price\">\n                    <span class=\"home-pricing-select__num\">$35</span>\n                    <span class=\"home-pricing-select__month\">/month</span>\n                  </div>\n                </div>\n              </label>\n              <label class=\"home-pricing-select\">\n                <input class=\"home-pricing-select__input\" type=\"radio\" name=\"select-plan\">\n                <div class=\"home-pricing-select__content\">\n                  <div class=\"home-pricing-select__ico\"></div>\n                  <div class=\"home-pricing-select__box\">\n                    <span class=\"home-pricing-select__name\">Unlimited</span>\n                    <span class=\"home-pricing-select__discount\">Save 20%</span>\n                  </div>\n                  <div class=\"home-pricing-select__price\">\n                    <span class=\"home-pricing-select__num\">$50</span>\n                    <span class=\"home-pricing-select__month\">/month</span>\n                  </div>\n                </div>\n              </label>\n            </div>\n          </div>\n        </div>\n      </div>\n    </div>\n  </section>"}}, {"model": "djangocms_text_ckeditor.text", "pk": 92, "fields": {"body": "<section class=\"home__section home__section--title\">\n    <div class=\"home-title\">\n      <div class=\"home-title__wrapper main-wrapper\">\n        <div class=\"home-title__content\">\n          <h1 class=\"home-title__title page-h1\">\n            Frequently Asked \n            <span class=\"text-pink\">Questions</span>\n          </h1>\n          <div class=\"home-title__search search-input\">\n            <input type=\"search\" class=\"home-title__input\">\n          </div>\n        </div>\n      </div>\n    </div>\n  </section>"}}, {"model": "djangocms_text_ckeditor.text", "pk": 93, "fields": {"body": "<section class=\"home__section home__section--faq\">\n    <div class=\"home-faq\">\n      <div class=\"home-faq__wrapper main-wrapper\">\n        <div class=\"home-faq__content\">\n          <ul class=\"faq\">\n            <li class=\"faq__item\">\n              <a data-toggle=\"collapse\" class=\"faq__link collapsed\" href=\"#faq1\">\n                When would I use Space Beaver? \n                <span class=\"faq__ico\"></span>\n              </a>\n              <div id=\"faq1\" class=\"faq__content collapse\" data-parent=\".faq\">\n                <p class=\"faq__text\">\n                  ZOLEO is designed to work with your phone or tablet, extending your messaging coverage to everywhere on Earth by transmitting messages over the Iridium satellite network when you’re beyond mobile coverage zones, and via cellular or Wi-Fi when available. It is perfect for messaging connectivity in the backcountry.\n                </p>\n              </div>\n            </li>\n\n            <li class=\"faq__item\">\n              <a data-toggle=\"collapse\" class=\"faq__link collapsed\" href=\"#faq2\">\n                Where do I use Space Beave?\n                <span class=\"faq__ico\"></span>\n              </a>\n              <div id=\"faq2\" class=\"faq__content collapse\" data-parent=\".faq\">\n                <p class=\"faq__text\">\n                  ZOLEO is designed to work with your phone or tablet, extending your messaging coverage to everywhere on Earth by transmitting messages over the Iridium satellite network when you’re beyond mobile coverage zones, and via cellular or Wi-Fi when available. It is perfect for messaging connectivity in the backcountry.\n                </p>\n              </div>\n            </li>\n\n            <li class=\"faq__item\">\n              <a data-toggle=\"collapse\" class=\"faq__link collapsed\" href=\"#faq3\">\n                How does Space Beave send messages when my device is off?\n                <span class=\"faq__ico\"></span>\n              </a>\n              <div id=\"faq3\" class=\"faq__content collapse\" data-parent=\".faq\">\n                <p class=\"faq__text\">\n                  ZOLEO is designed to work with your phone or tablet, extending your messaging coverage to everywhere on Earth by transmitting messages over the Iridium satellite network when you’re beyond mobile coverage zones, and via cellular or Wi-Fi when available. It is perfect for messaging connectivity in the backcountry.\n                </p>\n              </div>\n            </li>\n\n            <li class=\"faq__item\">\n              <a data-toggle=\"collapse\" class=\"faq__link collapsed\" href=\"#faq4\">\n                Do I have to use Space Beave with a smartphone or tablet?\n                <span class=\"faq__ico\"></span>\n              </a>\n              <div id=\"faq4\" class=\"faq__content collapse\" data-parent=\".faq\">\n                <p class=\"faq__text\">\n                  ZOLEO is designed to work with your phone or tablet, extending your messaging coverage to everywhere on Earth by transmitting messages over the Iridium satellite network when you’re beyond mobile coverage zones, and via cellular or Wi-Fi when available. It is perfect for messaging connectivity in the backcountry.\n                </p>\n              </div>\n            </li>\n\n            <li class=\"faq__item\">\n              <a data-toggle=\"collapse\" class=\"faq__link collapsed\" href=\"#faq5\">\n                Why does Space Beave need an active service plan?\n                <span class=\"faq__ico\"></span>\n              </a>\n              <div id=\"faq5\" class=\"faq__content collapse\" data-parent=\".faq\">\n                <p class=\"faq__text\">\n                  ZOLEO is designed to work with your phone or tablet, extending your messaging coverage to everywhere on Earth by transmitting messages over the Iridium satellite network when you’re beyond mobile coverage zones, and via cellular or Wi-Fi when available. It is perfect for messaging connectivity in the backcountry.\n                </p>\n              </div>\n            </li>\n\n            <li class=\"faq__item\">\n              <a data-toggle=\"collapse\" class=\"faq__link collapsed\" href=\"#faq6\">\n                Can I change my service plan throughout the year?\n                <span class=\"faq__ico\"></span>\n              </a>\n              <div id=\"faq6\" class=\"faq__content collapse\" data-parent=\".faq\">\n                <p class=\"faq__text\">\n                  ZOLEO is designed to work with your phone or tablet, extending your messaging coverage to everywhere on Earth by transmitting messages over the Iridium satellite network when you’re beyond mobile coverage zones, and via cellular or Wi-Fi when available. It is perfect for messaging connectivity in the backcountry.\n                </p>\n              </div>\n            </li>\n\n            <li class=\"faq__item\">\n              <a data-toggle=\"collapse\" class=\"faq__link collapsed\" href=\"#faq7\">\n                What networks does Space Beave work on?\n                <span class=\"faq__ico\"></span>\n              </a>\n              <div id=\"faq7\" class=\"faq__content collapse\" data-parent=\".faq\">\n                <p class=\"faq__text\">\n                  ZOLEO is designed to work with your phone or tablet, extending your messaging coverage to everywhere on Earth by transmitting messages over the Iridium satellite network when you’re beyond mobile coverage zones, and via cellular or Wi-Fi when available. It is perfect for messaging connectivity in the backcountry.\n                </p>\n              </div>\n            </li>\n\n          \n          </ul>\n        </div>  \n      </div>\n    </div>  \n  </section>"}}, {"model": "djangocms_text_ckeditor.text", "pk": 94, "fields": {"body": "<section class=\"home__section home__section--contact\">\n<div class=\"home-contact\">\n<div class=\"home-contact__wrapper main-wrapper\">\n<div class=\"home-contact__content\">\n<h2 class=\"home-contact__title page-h3\">Need more help?</h2>\n\n<div class=\"home-contact__btns base-btn__group\"><a class=\"home-contact__btn base-btn base-btn--pink\" href=\"#\">Contact us</a></div>\n</div>\n</div>\n</div>\n</section>"}}, {"model": "djangocms_text_ckeditor.text", "pk": 95, "fields": {"body": "<section class=\"home__section home__section--title home__section--warranty\">\n    <div class=\"home-title\">\n      <div class=\"home-title__wrapper main-wrapper\">\n        <div class=\"home-title__content\">\n          <h1 class=\"home-title__title page-h1\">\n            Advanced Shipping <span class=\"text-pink\">Warranty Replacement</span> Program\n          </h1>\n        </div>\n      </div>\n    </div>\n  </section>"}}, {"model": "djangocms_text_ckeditor.text", "pk": 96, "fields": {"body": "<section class=\"home__section home__section--faq\">\n    <div class=\"home-faq\">\n      <div class=\"home-faq__wrapper main-wrapper\">\n        <div class=\"home-faq__content\">\n          <ul class=\"faq\">\n            <li class=\"faq__item\">\n              <a data-toggle=\"collapse\" class=\"faq__link collapsed\" href=\"#faq1\">\n                What is my Space Beave warranty?\n                <span class=\"faq__ico\"></span>\n              </a>\n              <div id=\"faq1\" class=\"faq__content collapse\" data-parent=\".faq\">\n                <p class=\"faq__text\">\n                  Your ZOLEO communicator and accessories come with our industry leading 2-year manufacturer’s warranty and include the following benefits:\n                </p>\n              </div>\n            </li>\n\n            <li class=\"faq__item\">\n              <a data-toggle=\"collapse\" class=\"faq__link collapsed\" href=\"#faq2\">\n                What is the policy for a warranty repair/claim?\n                <span class=\"faq__ico\"></span>\n              </a>\n              <div id=\"faq2\" class=\"faq__content collapse\" data-parent=\".faq\">\n                <p class=\"faq__text\">\n                  ZOLEO is designed to work with your phone or tablet, extending your messaging coverage to everywhere on Earth by transmitting messages over the Iridium satellite network when you’re beyond mobile coverage zones, and via cellular or Wi-Fi when available. It is perfect for messaging connectivity in the backcountry.\n                </p>\n              </div>\n            </li>\n\n            <li class=\"faq__item\">\n              <a data-toggle=\"collapse\" class=\"faq__link collapsed\" href=\"#faq3\">\n                What is the warranty on my Space Beave accessories?\n                <span class=\"faq__ico\"></span>\n              </a>\n              <div id=\"faq3\" class=\"faq__content collapse\" data-parent=\".faq\">\n                <p class=\"faq__text\">\n                  ZOLEO is designed to work with your phone or tablet, extending your messaging coverage to everywhere on Earth by transmitting messages over the Iridium satellite network when you’re beyond mobile coverage zones, and via cellular or Wi-Fi when available. It is perfect for messaging connectivity in the backcountry.\n                </p>\n              </div>\n            </li>\n\n            <li class=\"faq__item\">\n              <a data-toggle=\"collapse\" class=\"faq__link collapsed\" href=\"#faq4\">\n                Check your battery and signal strength\n                <span class=\"faq__ico\"></span>\n              </a>\n              <div id=\"faq4\" class=\"faq__content collapse\" data-parent=\".faq\">\n                <p class=\"faq__text\">\n                  ZOLEO is designed to work with your phone or tablet, extending your messaging coverage to everywhere on Earth by transmitting messages over the Iridium satellite network when you’re beyond mobile coverage zones, and via cellular or Wi-Fi when available. It is perfect for messaging connectivity in the backcountry.\n                </p>\n              </div>\n            </li>\n\n            <li class=\"faq__item\">\n              <a data-toggle=\"collapse\" class=\"faq__link collapsed\" href=\"#faq5\">\n                Check your firmware version\n                <span class=\"faq__ico\"></span>\n              </a>\n              <div id=\"faq5\" class=\"faq__content collapse\" data-parent=\".faq\">\n                <p class=\"faq__text\">\n                  ZOLEO is designed to work with your phone or tablet, extending your messaging coverage to everywhere on Earth by transmitting messages over the Iridium satellite network when you’re beyond mobile coverage zones, and via cellular or Wi-Fi when available. It is perfect for messaging connectivity in the backcountry.\n                </p>\n              </div>\n            </li>\n\n            <li class=\"faq__item\">\n              <a data-toggle=\"collapse\" class=\"faq__link collapsed\" href=\"#faq6\">\n                What do all the LED lights mean?\n                <span class=\"faq__ico\"></span>\n              </a>\n              <div id=\"faq6\" class=\"faq__content collapse\" data-parent=\".faq\">\n                <p class=\"faq__text\">\n                  ZOLEO is designed to work with your phone or tablet, extending your messaging coverage to everywhere on Earth by transmitting messages over the Iridium satellite network when you’re beyond mobile coverage zones, and via cellular or Wi-Fi when available. It is perfect for messaging connectivity in the backcountry.\n                </p>\n              </div>\n            </li>\n\n            <li class=\"faq__item\">\n              <a data-toggle=\"collapse\" class=\"faq__link collapsed\" href=\"#faq7\">\n                What is the warranty on my Space Beave accessories?\n                <span class=\"faq__ico\"></span>\n              </a>\n              <div id=\"faq7\" class=\"faq__content collapse\" data-parent=\".faq\">\n                <p class=\"faq__text\">\n                  ZOLEO is designed to work with your phone or tablet, extending your messaging coverage to everywhere on Earth by transmitting messages over the Iridium satellite network when you’re beyond mobile coverage zones, and via cellular or Wi-Fi when available. It is perfect for messaging connectivity in the backcountry.\n                </p>\n              </div>\n            </li>\n\n          \n          </ul>\n        </div>  \n      </div>\n    </div>  \n  </section>"}}, {"model": "djangocms_text_ckeditor.text", "pk": 97, "fields": {"body": "<section class=\"home__section home__section--contact home__section--warranty\">\n<div class=\"home-contact\">\n<div class=\"home-contact__wrapper main-wrapper\">\n<div class=\"home-contact__content\">\n<h2 class=\"home-contact__title page-h3\">ZOLEO Warranty Request</h2>\n\n<div class=\"home-contact__btns base-btn__group\"><a class=\"home-contact__btn base-btn base-btn--pink\" href=\"#\">Send request</a></div>\n</div>\n</div>\n</div>\n</section>"}}, {"model": "djangocms_text_ckeditor.text", "pk": 98, "fields": {"body": "<section class=\"home__section home__section--title home__section--blog-page\">\n    <div class=\"home-title\">\n      <div class=\"home-title__wrapper main-wrapper\">\n        <div class=\"home-title__content\">\n          <h1 class=\"home-title__title page-h1\">\n            Space Beaver <br>\n            <span class=\"text-pink\">News</span>\n          </h1>\n          <div class=\"home-title__search search-input\">\n            <input type=\"search\" class=\"home-title__input\">\n          </div>\n        </div>\n      </div>\n    </div>\n  </section>"}}, {"model": "djangocms_text_ckeditor.text", "pk": 99, "fields": {"body": "<section class=\"home__section home__section--blog\">\n<div class=\"blog\">\n<div class=\"blog__wrapper main-wrapper\">\n<p class=\"blog__subtitle page-subtitle text-center\">Discover</p>\n\n<h2 class=\"blog__title page-h2 text-center\">Recent News</h2>\n\n<div class=\"blog__content\">\n<div class=\"blog__list\">\n<div class=\"blog__item blog-item\">\n<div class=\"blog-item__img-wrap\"><cms-plugin alt=\"Image - blog-item-1.png \" title=\"Image - blog-item-1.png\" id=\"104\"></cms-plugin></div>\n\n<div class=\"blog-item__date\">Mar 17, 2020</div>\n<a class=\"blog-item__text\" href=\"/article\">Introduces Industry-Leading Progressive SOS</a></div>\n\n<div class=\"blog__item blog-item\">\n<div class=\"blog-item__img-wrap\"><cms-plugin alt=\"Image - blog-item-2.png \" title=\"Image - blog-item-2.png\" id=\"105\"></cms-plugin></div>\n\n<div class=\"blog-item__date\">Mar 17, 2020</div>\n<a class=\"blog-item__text\" href=\"/article\">Named Product of the Year at the Third Annual Outdoor</a></div>\n\n<div class=\"blog__item blog-item\">\n<div class=\"blog-item__img-wrap\"><cms-plugin alt=\"Image - blog-item-4.png \" title=\"Image - blog-item-4.png\" id=\"106\"></cms-plugin></div>\n\n<div class=\"blog-item__date\">Mar 17, 2020</div>\n<a class=\"blog-item__text\" href=\"/article\">Wins 2020 ABA100 Award for New Product Innovation</a></div>\n\n<div class=\"blog__item blog-item\">\n<div class=\"blog-item__img-wrap\"><cms-plugin alt=\"Image - blog-item-4.png \" title=\"Image - blog-item-4.png\" id=\"107\"></cms-plugin></div>\n\n<div class=\"blog-item__date\">Mar 17, 2020</div>\n<a class=\"blog-item__text\" href=\"/article\">Garners Prestigious MSUA Innovation Award</a></div>\n\n<div class=\"blog__item blog-item\">\n<div class=\"blog-item__img-wrap\"><cms-plugin alt=\"Image - blog-item-5.png \" title=\"Image - blog-item-5.png\" id=\"108\"></cms-plugin></div>\n\n<div class=\"blog-item__date\">Mar 17, 2020</div>\n<a class=\"blog-item__text\" href=\"/article\">Introduces Industry-Leading Progressive SOS</a></div>\n\n<div class=\"blog__item blog-item\">\n<div class=\"blog-item__img-wrap\"><cms-plugin alt=\"Image - blog-item-6.png \" title=\"Image - blog-item-6.png\" id=\"109\"></cms-plugin></div>\n\n<div class=\"blog-item__date\">Mar 17, 2020</div>\n<a class=\"blog-item__text\" href=\"/article\">Named Product of the Year at the Third Annual Outdoor</a></div>\n</div>\n\n<div class=\"blog__actions\">\n<div class=\"blog__num-wrap\"><a class=\"blog__num blog__num--active\" href=\"#\">1</a></div>\n\n<div class=\"blog__num-wrap\"><a class=\"blog__num\" href=\"#\">2</a></div>\n\n<div class=\"blog__num-wrap\"><a class=\"blog__num\" href=\"#\">3</a></div>\n\n<div class=\"blog__num-wrap\">\n<div class=\"blog__dots\" href=\"#\">...</div>\n</div>\n\n<div class=\"blog__num-wrap\"><a class=\"blog__num\" href=\"#\">9</a></div>\n\n<div class=\"blog__num-wrap\"><a class=\"blog__num\" href=\"#\">10</a></div>\n</div>\n</div>\n</div>\n</div>\n</section>"}}, {"model": "djangocms_text_ckeditor.text", "pk": 110, "fields": {"body": "<section class=\"breadcrumbs__section\">\n    <div class=\"breadcrumbs__wrapper main-wrapper\">\n      <div class=\"breadcrumbs\">\n        <a href=\"/homepage\" class=\"breadcrumbs__item\">Home</a>\n        <a href=\"/blog\" class=\"breadcrumbs__item\">News</a>\n        <span class=\"breadcrumbs__item\">Article</span>\n      </div>\n    </div>\n  </section>"}}, {"model": "djangocms_text_ckeditor.text", "pk": 111, "fields": {"body": "<section class=\"article-title__section\">\n    <div class=\"article-title__wrapper main-wrapper\">\n      <div class=\"article-title\">\n        <div class=\"article-title__date\">\n          <span>Mar 17, 2020</span>\n        </div>\n        <h1 class=\"article-title__title\">\n          Introduces Industry-Leading Progressive SOS\n        </h1>\n      </div>\n    </div>\n  </section>"}}, {"model": "djangocms_text_ckeditor.text", "pk": 112, "fields": {"body": "<section class=\"article-img__section\">\n<div class=\"article-img__wrap\"><cms-plugin alt=\"Image - article-img.jpg \" title=\"Image - article-img.jpg\" id=\"113\"></cms-plugin></div>\n</section>"}}, {"model": "djangocms_text_ckeditor.text", "pk": 114, "fields": {"body": "<section class=\"article-content__section\">\n<div class=\"articel-content__wrap main-wrapper\">\n<div class=\"article-content\">\n<p>Space Beaver Inc., an award-winning global messaging solutions company, today announced the availability of Location Share+. The new subscription-based offering provides enhanced journey sharing and breadcrumb tracking capabilities for users of the satellite communicator and mobile app.</p>\n\n<p>Ideal for anyone who ventures beyond mobile coverage for work or recreation, the compact device connects via Bluetooth to a free app on the user's Android or Apple smartphone/tablet to provide a seamless global messaging experience. Messages are transmitted via Iridium Short Burst Data (SBD), cellular and Wi-Fi, and are automatically routed over the lowest cost network.</p>\n\n<h4 class=\"article-content__quote\">Ideal for anyone who ventures beyond mobile coverage for work or recreation, the compact <span class=\"text-pink\">Space Beaver device</span> connects via Bluetooth to a free app on the user's Android or Apple smartphone to provide a <span class=\"text-pink\">seamless global</span> messaging experience.</h4>\n\n<div class=\"article-content__img-box\">\n<h3 class=\"article-content-img__title\">1,000 users around the world</h3>\n\n<div class=\"article-content-img__img-wrap\"><cms-plugin alt=\"Image - article-box-img.png \" title=\"Image - article-box-img.png\" id=\"115\"></cms-plugin></div>\n</div>\n\n<h2>About Space Beaver</h2>\n\n<p>Formed in 2018 and headquartered in Toronto, Canada, ZOLEO Inc. is a joint venture between Beam Communication Pty. Ltd. and Roadpost Inc. that is pioneering the development of innovative lower cost, consumer-oriented global messaging solutions including wireless devices and apps based on Iridium short burst data (SBD), cellular and Wi-Fi standards.</p>\n\n<p>The company serves three primary markets including consumers residing on the fringe of cellular coverage, outdoor recreation users and field workers requiring lone worker safety and remote messaging. Its products are offered through authorized retailers and e-tailers in the US, Canada and Australia, including national retailers like Cabela's, Bass Pro, REI, MEC and Anaconda. Roadpost is responsible for retail distribution in North America and Beam is responsible for the Asia Pacific region. Staged distribution in other regions will be jointly managed.</p>\n</div>\n</div>\n</section>"}}, {"model": "djangocms_text_ckeditor.text", "pk": 116, "fields": {"body": "<section class=\"home__section home__section--blog\">\n<div class=\"blog\">\n<div class=\"blog__wrapper main-wrapper\">\n<h2 class=\"blog__title page-h2 text-center\">Continue reading</h2>\n\n<div class=\"blog__content\">\n<div class=\"blog__list\">\n<div class=\"blog__item blog-item\">\n<div class=\"blog-item__img-wrap\"><cms-plugin alt=\"Image - blog-item-1.png \" title=\"Image - blog-item-1.png\" id=\"117\"></cms-plugin></div>\n\n<div class=\"blog-item__date\">Mar 17, 2020</div>\n<a class=\"blog-item__text\" href=\"/article\">Introduces Industry-Leading Progressive SOS</a></div>\n\n<div class=\"blog__item blog-item\">\n<div class=\"blog-item__img-wrap\"><cms-plugin alt=\"Image - blog-item-2.png \" title=\"Image - blog-item-2.png\" id=\"118\"></cms-plugin></div>\n\n<div class=\"blog-item__date\">Mar 17, 2020</div>\n<a class=\"blog-item__text\" href=\"/article\">Named Product of the Year at the Third Annual Outdoor</a></div>\n\n<div class=\"blog__item blog-item\">\n<div class=\"blog-item__img-wrap\"><cms-plugin alt=\"Image - blog-item-3.png \" title=\"Image - blog-item-3.png\" id=\"119\"></cms-plugin></div>\n\n<div class=\"blog-item__date\">Mar 17, 2020</div>\n<a class=\"blog-item__text\" href=\"/article\">Wins 2020 ABA100 Award for New Product Innovation</a></div>\n</div>\n</div>\n</div>\n</div>\n</section>"}}, {"model": "djangocms_picture.picture", "pk": 15, "fields": {"template": "default", "picture": 101, "external_picture": null, "width": null, "height": null, "alignment": "", "caption_text": "", "attributes": {}, "link_url": null, "link_page": null, "link_target": "", "link_attributes": {}, "use_automatic_scaling": true, "use_no_cropping": false, "use_crop": false, "use_upscale": false, "use_responsive_image": "inherit", "thumbnail_options": null}}, {"model": "djangocms_picture.picture", "pk": 18, "fields": {"template": "default", "picture": 36, "external_picture": null, "width": null, "height": null, "alignment": "", "caption_text": "", "attributes": {}, "link_url": null, "link_page": null, "link_target": "", "link_attributes": {}, "use_automatic_scaling": true, "use_no_cropping": false, "use_crop": false, "use_upscale": false, "use_responsive_image": "inherit", "thumbnail_options": null}}, {"model": "djangocms_picture.picture", "pk": 19, "fields": {"template": "default", "picture": 32, "external_picture": null, "width": null, "height": null, "alignment": "", "caption_text": "", "attributes": {}, "link_url": null, "link_page": null, "link_target": "", "link_attributes": {}, "use_automatic_scaling": true, "use_no_cropping": false, "use_crop": false, "use_upscale": false, "use_responsive_image": "inherit", "thumbnail_options": null}}, {"model": "djangocms_picture.picture", "pk": 20, "fields": {"template": "default", "picture": 35, "external_picture": null, "width": null, "height": null, "alignment": "", "caption_text": "", "attributes": {}, "link_url": null, "link_page": null, "link_target": "", "link_attributes": {}, "use_automatic_scaling": true, "use_no_cropping": false, "use_crop": false, "use_upscale": false, "use_responsive_image": "inherit", "thumbnail_options": null}}, {"model": "djangocms_picture.picture", "pk": 23, "fields": {"template": "default", "picture": 67, "external_picture": null, "width": null, "height": null, "alignment": "", "caption_text": "", "attributes": {}, "link_url": null, "link_page": null, "link_target": "", "link_attributes": {}, "use_automatic_scaling": true, "use_no_cropping": false, "use_crop": false, "use_upscale": false, "use_responsive_image": "inherit", "thumbnail_options": null}}, {"model": "djangocms_picture.picture", "pk": 24, "fields": {"template": "default", "picture": 77, "external_picture": null, "width": null, "height": null, "alignment": "", "caption_text": "", "attributes": {}, "link_url": null, "link_page": null, "link_target": "", "link_attributes": {}, "use_automatic_scaling": true, "use_no_cropping": false, "use_crop": false, "use_upscale": false, "use_responsive_image": "inherit", "thumbnail_options": null}}, {"model": "djangocms_picture.picture", "pk": 25, "fields": {"template": "default", "picture": 73, "external_picture": null, "width": null, "height": null, "alignment": "", "caption_text": "", "attributes": {}, "link_url": null, "link_page": null, "link_target": "", "link_attributes": {}, "use_automatic_scaling": true, "use_no_cropping": false, "use_crop": false, "use_upscale": false, "use_responsive_image": "inherit", "thumbnail_options": null}}, {"model": "djangocms_picture.picture", "pk": 27, "fields": {"template": "default", "picture": 103, "external_picture": null, "width": null, "height": null, "alignment": "", "caption_text": "", "attributes": {}, "link_url": null, "link_page": null, "link_target": "", "link_attributes": {}, "use_automatic_scaling": true, "use_no_cropping": false, "use_crop": false, "use_upscale": false, "use_responsive_image": "inherit", "thumbnail_options": null}}, {"model": "djangocms_picture.picture", "pk": 28, "fields": {"template": "default", "picture": 102, "external_picture": null, "width": null, "height": null, "alignment": "", "caption_text": "", "attributes": {}, "link_url": null, "link_page": null, "link_target": "", "link_attributes": {}, "use_automatic_scaling": true, "use_no_cropping": false, "use_crop": false, "use_upscale": false, "use_responsive_image": "inherit", "thumbnail_options": null}}, {"model": "djangocms_picture.picture", "pk": 30, "fields": {"template": "default", "picture": 84, "external_picture": null, "width": null, "height": null, "alignment": "", "caption_text": "", "attributes": {}, "link_url": null, "link_page": null, "link_target": "", "link_attributes": {}, "use_automatic_scaling": true, "use_no_cropping": false, "use_crop": false, "use_upscale": false, "use_responsive_image": "inherit", "thumbnail_options": null}}, {"model": "djangocms_picture.picture", "pk": 32, "fields": {"template": "default", "picture": 104, "external_picture": null, "width": null, "height": null, "alignment": "", "caption_text": "", "attributes": {}, "link_url": null, "link_page": null, "link_target": "", "link_attributes": {}, "use_automatic_scaling": true, "use_no_cropping": false, "use_crop": false, "use_upscale": false, "use_responsive_image": "inherit", "thumbnail_options": null}}, {"model": "djangocms_picture.picture", "pk": 33, "fields": {"template": "default", "picture": 105, "external_picture": null, "width": null, "height": null, "alignment": "", "caption_text": "", "attributes": {}, "link_url": null, "link_page": null, "link_target": "", "link_attributes": {}, "use_automatic_scaling": true, "use_no_cropping": false, "use_crop": false, "use_upscale": false, "use_responsive_image": "inherit", "thumbnail_options": null}}, {"model": "djangocms_picture.picture", "pk": 34, "fields": {"template": "default", "picture": 106, "external_picture": null, "width": null, "height": null, "alignment": "", "caption_text": "", "attributes": {}, "link_url": null, "link_page": null, "link_target": "", "link_attributes": {}, "use_automatic_scaling": true, "use_no_cropping": false, "use_crop": false, "use_upscale": false, "use_responsive_image": "inherit", "thumbnail_options": null}}, {"model": "djangocms_picture.picture", "pk": 35, "fields": {"template": "default", "picture": 104, "external_picture": null, "width": null, "height": null, "alignment": "", "caption_text": "", "attributes": {}, "link_url": null, "link_page": null, "link_target": "", "link_attributes": {}, "use_automatic_scaling": true, "use_no_cropping": false, "use_crop": false, "use_upscale": false, "use_responsive_image": "inherit", "thumbnail_options": null}}, {"model": "djangocms_picture.picture", "pk": 36, "fields": {"template": "default", "picture": 105, "external_picture": null, "width": null, "height": null, "alignment": "", "caption_text": "", "attributes": {}, "link_url": null, "link_page": null, "link_target": "", "link_attributes": {}, "use_automatic_scaling": true, "use_no_cropping": false, "use_crop": false, "use_upscale": false, "use_responsive_image": "inherit", "thumbnail_options": null}}, {"model": "djangocms_picture.picture", "pk": 37, "fields": {"template": "default", "picture": 106, "external_picture": null, "width": null, "height": null, "alignment": "", "caption_text": "", "attributes": {}, "link_url": null, "link_page": null, "link_target": "", "link_attributes": {}, "use_automatic_scaling": true, "use_no_cropping": false, "use_crop": false, "use_upscale": false, "use_responsive_image": "inherit", "thumbnail_options": null}}, {"model": "djangocms_picture.picture", "pk": 39, "fields": {"template": "default", "picture": 107, "external_picture": null, "width": null, "height": null, "alignment": "", "caption_text": "", "attributes": {}, "link_url": null, "link_page": null, "link_target": "", "link_attributes": {}, "use_automatic_scaling": true, "use_no_cropping": false, "use_crop": false, "use_upscale": false, "use_responsive_image": "inherit", "thumbnail_options": null}}, {"model": "djangocms_picture.picture", "pk": 41, "fields": {"template": "default", "picture": 56, "external_picture": null, "width": null, "height": null, "alignment": "", "caption_text": "", "attributes": {}, "link_url": null, "link_page": null, "link_target": "", "link_attributes": {}, "use_automatic_scaling": true, "use_no_cropping": false, "use_crop": false, "use_upscale": false, "use_responsive_image": "inherit", "thumbnail_options": null}}, {"model": "djangocms_picture.picture", "pk": 42, "fields": {"template": "default", "picture": 7, "external_picture": null, "width": null, "height": null, "alignment": "", "caption_text": "", "attributes": {}, "link_url": null, "link_page": null, "link_target": "", "link_attributes": {}, "use_automatic_scaling": true, "use_no_cropping": false, "use_crop": false, "use_upscale": false, "use_responsive_image": "inherit", "thumbnail_options": null}}, {"model": "djangocms_picture.picture", "pk": 43, "fields": {"template": "default", "picture": 99, "external_picture": null, "width": null, "height": null, "alignment": "", "caption_text": "", "attributes": {}, "link_url": null, "link_page": null, "link_target": "", "link_attributes": {}, "use_automatic_scaling": true, "use_no_cropping": false, "use_crop": false, "use_upscale": false, "use_responsive_image": "inherit", "thumbnail_options": null}}, {"model": "djangocms_picture.picture", "pk": 46, "fields": {"template": "default", "picture": 11, "external_picture": null, "width": null, "height": null, "alignment": "", "caption_text": "", "attributes": {}, "link_url": null, "link_page": null, "link_target": "", "link_attributes": {}, "use_automatic_scaling": true, "use_no_cropping": false, "use_crop": false, "use_upscale": false, "use_responsive_image": "inherit", "thumbnail_options": null}}, {"model": "djangocms_picture.picture", "pk": 47, "fields": {"template": "default", "picture": 17, "external_picture": null, "width": null, "height": null, "alignment": "", "caption_text": "", "attributes": {}, "link_url": null, "link_page": null, "link_target": "", "link_attributes": {}, "use_automatic_scaling": true, "use_no_cropping": false, "use_crop": false, "use_upscale": false, "use_responsive_image": "inherit", "thumbnail_options": null}}, {"model": "djangocms_picture.picture", "pk": 48, "fields": {"template": "default", "picture": 19, "external_picture": null, "width": null, "height": null, "alignment": "", "caption_text": "", "attributes": {}, "link_url": null, "link_page": null, "link_target": "", "link_attributes": {}, "use_automatic_scaling": true, "use_no_cropping": false, "use_crop": false, "use_upscale": false, "use_responsive_image": "inherit", "thumbnail_options": null}}, {"model": "djangocms_picture.picture", "pk": 50, "fields": {"template": "default", "picture": 74, "external_picture": null, "width": null, "height": null, "alignment": "", "caption_text": "", "attributes": {}, "link_url": null, "link_page": null, "link_target": "", "link_attributes": {}, "use_automatic_scaling": true, "use_no_cropping": false, "use_crop": false, "use_upscale": false, "use_responsive_image": "inherit", "thumbnail_options": null}}, {"model": "djangocms_picture.picture", "pk": 52, "fields": {"template": "default", "picture": 100, "external_picture": null, "width": null, "height": null, "alignment": "", "caption_text": "", "attributes": {}, "link_url": null, "link_page": null, "link_target": "", "link_attributes": {}, "use_automatic_scaling": true, "use_no_cropping": false, "use_crop": false, "use_upscale": false, "use_responsive_image": "inherit", "thumbnail_options": null}}, {"model": "djangocms_picture.picture", "pk": 54, "fields": {"template": "default", "picture": 89, "external_picture": null, "width": null, "height": null, "alignment": "", "caption_text": "", "attributes": {}, "link_url": null, "link_page": null, "link_target": "", "link_attributes": {}, "use_automatic_scaling": true, "use_no_cropping": false, "use_crop": false, "use_upscale": false, "use_responsive_image": "inherit", "thumbnail_options": null}}, {"model": "djangocms_picture.picture", "pk": 56, "fields": {"template": "default", "picture": 97, "external_picture": null, "width": null, "height": null, "alignment": "", "caption_text": "", "attributes": {}, "link_url": null, "link_page": null, "link_target": "", "link_attributes": {}, "use_automatic_scaling": true, "use_no_cropping": false, "use_crop": false, "use_upscale": false, "use_responsive_image": "inherit", "thumbnail_options": null}}, {"model": "djangocms_picture.picture", "pk": 58, "fields": {"template": "default", "picture": 88, "external_picture": null, "width": null, "height": null, "alignment": "", "caption_text": "", "attributes": {}, "link_url": null, "link_page": null, "link_target": "", "link_attributes": {}, "use_automatic_scaling": true, "use_no_cropping": false, "use_crop": false, "use_upscale": false, "use_responsive_image": "inherit", "thumbnail_options": null}}, {"model": "djangocms_picture.picture", "pk": 59, "fields": {"template": "default", "picture": 88, "external_picture": null, "width": null, "height": null, "alignment": "", "caption_text": "", "attributes": {}, "link_url": null, "link_page": null, "link_target": "", "link_attributes": {}, "use_automatic_scaling": true, "use_no_cropping": false, "use_crop": false, "use_upscale": false, "use_responsive_image": "inherit", "thumbnail_options": null}}, {"model": "djangocms_picture.picture", "pk": 60, "fields": {"template": "default", "picture": 88, "external_picture": null, "width": null, "height": null, "alignment": "", "caption_text": "", "attributes": {}, "link_url": null, "link_page": null, "link_target": "", "link_attributes": {}, "use_automatic_scaling": true, "use_no_cropping": false, "use_crop": false, "use_upscale": false, "use_responsive_image": "inherit", "thumbnail_options": null}}, {"model": "djangocms_picture.picture", "pk": 62, "fields": {"template": "default", "picture": 98, "external_picture": null, "width": null, "height": null, "alignment": "", "caption_text": "", "attributes": {}, "link_url": null, "link_page": null, "link_target": "", "link_attributes": {}, "use_automatic_scaling": true, "use_no_cropping": false, "use_crop": false, "use_upscale": false, "use_responsive_image": "inherit", "thumbnail_options": null}}, {"model": "djangocms_picture.picture", "pk": 64, "fields": {"template": "default", "picture": 90, "external_picture": null, "width": null, "height": null, "alignment": "", "caption_text": "", "attributes": {}, "link_url": null, "link_page": null, "link_target": "", "link_attributes": {}, "use_automatic_scaling": true, "use_no_cropping": false, "use_crop": false, "use_upscale": false, "use_responsive_image": "inherit", "thumbnail_options": null}}, {"model": "djangocms_picture.picture", "pk": 66, "fields": {"template": "default", "picture": 9, "external_picture": null, "width": null, "height": null, "alignment": "", "caption_text": "", "attributes": {}, "link_url": null, "link_page": null, "link_target": "", "link_attributes": {}, "use_automatic_scaling": true, "use_no_cropping": false, "use_crop": false, "use_upscale": false, "use_responsive_image": "inherit", "thumbnail_options": null}}, {"model": "djangocms_picture.picture", "pk": 67, "fields": {"template": "default", "picture": 5, "external_picture": null, "width": null, "height": null, "alignment": "", "caption_text": "", "attributes": {}, "link_url": null, "link_page": null, "link_target": "", "link_attributes": {}, "use_automatic_scaling": true, "use_no_cropping": false, "use_crop": false, "use_upscale": false, "use_responsive_image": "inherit", "thumbnail_options": null}}, {"model": "djangocms_picture.picture", "pk": 68, "fields": {"template": "default", "picture": 2, "external_picture": null, "width": null, "height": null, "alignment": "", "caption_text": "", "attributes": {}, "link_url": null, "link_page": null, "link_target": "", "link_attributes": {}, "use_automatic_scaling": true, "use_no_cropping": false, "use_crop": false, "use_upscale": false, "use_responsive_image": "inherit", "thumbnail_options": null}}, {"model": "djangocms_picture.picture", "pk": 70, "fields": {"template": "default", "picture": 92, "external_picture": null, "width": null, "height": null, "alignment": "", "caption_text": "", "attributes": {}, "link_url": null, "link_page": null, "link_target": "", "link_attributes": {}, "use_automatic_scaling": true, "use_no_cropping": false, "use_crop": false, "use_upscale": false, "use_responsive_image": "inherit", "thumbnail_options": null}}, {"model": "djangocms_picture.picture", "pk": 72, "fields": {"template": "default", "picture": 104, "external_picture": null, "width": null, "height": null, "alignment": "", "caption_text": "", "attributes": {}, "link_url": null, "link_page": null, "link_target": "", "link_attributes": {}, "use_automatic_scaling": true, "use_no_cropping": false, "use_crop": false, "use_upscale": false, "use_responsive_image": "inherit", "thumbnail_options": null}}, {"model": "djangocms_picture.picture", "pk": 73, "fields": {"template": "default", "picture": 105, "external_picture": null, "width": null, "height": null, "alignment": "", "caption_text": "", "attributes": {}, "link_url": null, "link_page": null, "link_target": "", "link_attributes": {}, "use_automatic_scaling": true, "use_no_cropping": false, "use_crop": false, "use_upscale": false, "use_responsive_image": "inherit", "thumbnail_options": null}}, {"model": "djangocms_picture.picture", "pk": 74, "fields": {"template": "default", "picture": 106, "external_picture": null, "width": null, "height": null, "alignment": "", "caption_text": "", "attributes": {}, "link_url": null, "link_page": null, "link_target": "", "link_attributes": {}, "use_automatic_scaling": true, "use_no_cropping": false, "use_crop": false, "use_upscale": false, "use_responsive_image": "inherit", "thumbnail_options": null}}, {"model": "djangocms_picture.picture", "pk": 75, "fields": {"template": "default", "picture": 104, "external_picture": null, "width": null, "height": null, "alignment": "", "caption_text": "", "attributes": {}, "link_url": null, "link_page": null, "link_target": "", "link_attributes": {}, "use_automatic_scaling": true, "use_no_cropping": false, "use_crop": false, "use_upscale": false, "use_responsive_image": "inherit", "thumbnail_options": null}}, {"model": "djangocms_picture.picture", "pk": 76, "fields": {"template": "default", "picture": 105, "external_picture": null, "width": null, "height": null, "alignment": "", "caption_text": "", "attributes": {}, "link_url": null, "link_page": null, "link_target": "", "link_attributes": {}, "use_automatic_scaling": true, "use_no_cropping": false, "use_crop": false, "use_upscale": false, "use_responsive_image": "inherit", "thumbnail_options": null}}, {"model": "djangocms_picture.picture", "pk": 77, "fields": {"template": "default", "picture": 106, "external_picture": null, "width": null, "height": null, "alignment": "", "caption_text": "", "attributes": {}, "link_url": null, "link_page": null, "link_target": "", "link_attributes": {}, "use_automatic_scaling": true, "use_no_cropping": false, "use_crop": false, "use_upscale": false, "use_responsive_image": "inherit", "thumbnail_options": null}}, {"model": "djangocms_picture.picture", "pk": 79, "fields": {"template": "default", "picture": 108, "external_picture": null, "width": null, "height": null, "alignment": "", "caption_text": "", "attributes": {}, "link_url": null, "link_page": null, "link_target": "", "link_attributes": {}, "use_automatic_scaling": true, "use_no_cropping": false, "use_crop": false, "use_upscale": false, "use_responsive_image": "inherit", "thumbnail_options": null}}, {"model": "djangocms_picture.picture", "pk": 81, "fields": {"template": "default", "picture": 76, "external_picture": null, "width": null, "height": null, "alignment": "", "caption_text": "", "attributes": {}, "link_url": null, "link_page": null, "link_target": "", "link_attributes": {}, "use_automatic_scaling": true, "use_no_cropping": false, "use_crop": false, "use_upscale": false, "use_responsive_image": "inherit", "thumbnail_options": null}}, {"model": "djangocms_picture.picture", "pk": 83, "fields": {"template": "default", "picture": 66, "external_picture": null, "width": null, "height": null, "alignment": "", "caption_text": "", "attributes": {}, "link_url": null, "link_page": null, "link_target": "", "link_attributes": {}, "use_automatic_scaling": true, "use_no_cropping": false, "use_crop": false, "use_upscale": false, "use_responsive_image": "inherit", "thumbnail_options": null}}, {"model": "djangocms_picture.picture", "pk": 85, "fields": {"template": "default", "picture": 68, "external_picture": null, "width": null, "height": null, "alignment": "", "caption_text": "", "attributes": {}, "link_url": null, "link_page": null, "link_target": "", "link_attributes": {}, "use_automatic_scaling": true, "use_no_cropping": false, "use_crop": false, "use_upscale": false, "use_responsive_image": "inherit", "thumbnail_options": null}}, {"model": "djangocms_picture.picture", "pk": 86, "fields": {"template": "default", "picture": 78, "external_picture": null, "width": null, "height": null, "alignment": "", "caption_text": "", "attributes": {}, "link_url": null, "link_page": null, "link_target": "", "link_attributes": {}, "use_automatic_scaling": true, "use_no_cropping": false, "use_crop": false, "use_upscale": false, "use_responsive_image": "inherit", "thumbnail_options": null}}, {"model": "djangocms_picture.picture", "pk": 87, "fields": {"template": "default", "picture": 70, "external_picture": null, "width": null, "height": null, "alignment": "", "caption_text": "", "attributes": {}, "link_url": null, "link_page": null, "link_target": "", "link_attributes": {}, "use_automatic_scaling": true, "use_no_cropping": false, "use_crop": false, "use_upscale": false, "use_responsive_image": "inherit", "thumbnail_options": null}}, {"model": "djangocms_picture.picture", "pk": 90, "fields": {"template": "default", "picture": 109, "external_picture": null, "width": null, "height": null, "alignment": "", "caption_text": "", "attributes": {}, "link_url": null, "link_page": null, "link_target": "", "link_attributes": {}, "use_automatic_scaling": true, "use_no_cropping": false, "use_crop": false, "use_upscale": false, "use_responsive_image": "inherit", "thumbnail_options": null}}, {"model": "djangocms_picture.picture", "pk": 104, "fields": {"template": "default", "picture": 85, "external_picture": null, "width": null, "height": null, "alignment": "", "caption_text": "", "attributes": {}, "link_url": null, "link_page": null, "link_target": "", "link_attributes": {}, "use_automatic_scaling": true, "use_no_cropping": false, "use_crop": false, "use_upscale": false, "use_responsive_image": "inherit", "thumbnail_options": null}}, {"model": "djangocms_picture.picture", "pk": 105, "fields": {"template": "default", "picture": 80, "external_picture": null, "width": null, "height": null, "alignment": "", "caption_text": "", "attributes": {}, "link_url": null, "link_page": null, "link_target": "", "link_attributes": {}, "use_automatic_scaling": true, "use_no_cropping": false, "use_crop": false, "use_upscale": false, "use_responsive_image": "inherit", "thumbnail_options": null}}, {"model": "djangocms_picture.picture", "pk": 106, "fields": {"template": "default", "picture": 69, "external_picture": null, "width": null, "height": null, "alignment": "", "caption_text": "", "attributes": {}, "link_url": null, "link_page": null, "link_target": "", "link_attributes": {}, "use_automatic_scaling": true, "use_no_cropping": false, "use_crop": false, "use_upscale": false, "use_responsive_image": "inherit", "thumbnail_options": null}}, {"model": "djangocms_picture.picture", "pk": 107, "fields": {"template": "default", "picture": 69, "external_picture": null, "width": null, "height": null, "alignment": "", "caption_text": "", "attributes": {}, "link_url": null, "link_page": null, "link_target": "", "link_attributes": {}, "use_automatic_scaling": true, "use_no_cropping": false, "use_crop": false, "use_upscale": false, "use_responsive_image": "inherit", "thumbnail_options": null}}, {"model": "djangocms_picture.picture", "pk": 108, "fields": {"template": "default", "picture": 64, "external_picture": null, "width": null, "height": null, "alignment": "", "caption_text": "", "attributes": {}, "link_url": null, "link_page": null, "link_target": "", "link_attributes": {}, "use_automatic_scaling": true, "use_no_cropping": false, "use_crop": false, "use_upscale": false, "use_responsive_image": "inherit", "thumbnail_options": null}}, {"model": "djangocms_picture.picture", "pk": 109, "fields": {"template": "default", "picture": 71, "external_picture": null, "width": null, "height": null, "alignment": "", "caption_text": "", "attributes": {}, "link_url": null, "link_page": null, "link_target": "", "link_attributes": {}, "use_automatic_scaling": true, "use_no_cropping": false, "use_crop": false, "use_upscale": false, "use_responsive_image": "inherit", "thumbnail_options": null}}, {"model": "djangocms_picture.picture", "pk": 113, "fields": {"template": "default", "picture": 110, "external_picture": null, "width": null, "height": null, "alignment": "", "caption_text": "", "attributes": {}, "link_url": null, "link_page": null, "link_target": "", "link_attributes": {}, "use_automatic_scaling": true, "use_no_cropping": false, "use_crop": false, "use_upscale": false, "use_responsive_image": "inherit", "thumbnail_options": null}}, {"model": "djangocms_picture.picture", "pk": 115, "fields": {"template": "default", "picture": 91, "external_picture": null, "width": null, "height": null, "alignment": "", "caption_text": "", "attributes": {}, "link_url": null, "link_page": null, "link_target": "", "link_attributes": {}, "use_automatic_scaling": true, "use_no_cropping": false, "use_crop": false, "use_upscale": false, "use_responsive_image": "inherit", "thumbnail_options": null}}, {"model": "djangocms_picture.picture", "pk": 117, "fields": {"template": "default", "picture": 85, "external_picture": null, "width": null, "height": null, "alignment": "", "caption_text": "", "attributes": {}, "link_url": null, "link_page": null, "link_target": "", "link_attributes": {}, "use_automatic_scaling": true, "use_no_cropping": false, "use_crop": false, "use_upscale": false, "use_responsive_image": "inherit", "thumbnail_options": null}}, {"model": "djangocms_picture.picture", "pk": 118, "fields": {"template": "default", "picture": 80, "external_picture": null, "width": null, "height": null, "alignment": "", "caption_text": "", "attributes": {}, "link_url": null, "link_page": null, "link_target": "", "link_attributes": {}, "use_automatic_scaling": true, "use_no_cropping": false, "use_crop": false, "use_upscale": false, "use_responsive_image": "inherit", "thumbnail_options": null}}, {"model": "djangocms_picture.picture", "pk": 119, "fields": {"template": "default", "picture": 79, "external_picture": null, "width": null, "height": null, "alignment": "", "caption_text": "", "attributes": {}, "link_url": null, "link_page": null, "link_target": "", "link_attributes": {}, "use_automatic_scaling": true, "use_no_cropping": false, "use_crop": false, "use_upscale": false, "use_responsive_image": "inherit", "thumbnail_options": null}}]